{
  "segments": {
    "identity": {
      "version": {
        "_number": "$Revision: 11914 $",
        "_cldrVersion": "30.0.2"
      },
      "language": "en"
    },
    "segmentations": {
      "SentenceBreak": {
        "standard": [
          {
            "suppression": "L.P."
          },
          {
            "suppression": "Alt."
          },
          {
            "suppression": "Approx."
          },
          {
            "suppression": "E.G."
          },
          {
            "suppression": "O."
          },
          {
            "suppression": "Maj."
          },
          {
            "suppression": "Misc."
          },
          {
            "suppression": "P.O."
          },
          {
            "suppression": "J.D."
          },
          {
            "suppression": "Jam."
          },
          {
            "suppression": "Card."
          },
          {
            "suppression": "Dec."
          },
          {
            "suppression": "Sept."
          },
          {
            "suppression": "MR."
          },
          {
            "suppression": "Long."
          },
          {
            "suppression": "Hat."
          },
          {
            "suppression": "G."
          },
          {
            "suppression": "Link."
          },
          {
            "suppression": "DC."
          },
          {
            "suppression": "D.C."
          },
          {
            "suppression": "M.T."
          },
          {
            "suppression": "Hz."
          },
          {
            "suppression": "Mrs."
          },
          {
            "suppression": "By."
          },
          {
            "suppression": "Act."
          },
          {
            "suppression": "Var."
          },
          {
            "suppression": "N.V."
          },
          {
            "suppression": "Aug."
          },
          {
            "suppression": "B."
          },
          {
            "suppression": "S.A."
          },
          {
            "suppression": "Up."
          },
          {
            "suppression": "Job."
          },
          {
            "suppression": "Num."
          },
          {
            "suppression": "M.I.T."
          },
          {
            "suppression": "Ok."
          },
          {
            "suppression": "Org."
          },
          {
            "suppression": "Ex."
          },
          {
            "suppression": "Cont."
          },
          {
            "suppression": "U."
          },
          {
            "suppression": "Mart."
          },
          {
            "suppression": "Fn."
          },
          {
            "suppression": "Abs."
          },
          {
            "suppression": "Lt."
          },
          {
            "suppression": "OK."
          },
          {
            "suppression": "Z."
          },
          {
            "suppression": "E."
          },
          {
            "suppression": "Kb."
          },
          {
            "suppression": "Est."
          },
          {
            "suppression": "A.M."
          },
          {
            "suppression": "L.A."
          },
          {
            "suppression": "Prof."
          },
          {
            "suppression": "U.S."
          },
          {
            "suppression": "Nov."
          },
          {
            "suppression": "Ph.D."
          },
          {
            "suppression": "Mar."
          },
          {
            "suppression": "I.T."
          },
          {
            "suppression": "exec."
          },
          {
            "suppression": "Jan."
          },
          {
            "suppression": "N.Y."
          },
          {
            "suppression": "X."
          },
          {
            "suppression": "Md."
          },
          {
            "suppression": "Op."
          },
          {
            "suppression": "vs."
          },
          {
            "suppression": "D.A."
          },
          {
            "suppression": "A.D."
          },
          {
            "suppression": "R.L."
          },
          {
            "suppression": "P.M."
          },
          {
            "suppression": "Or."
          },
          {
            "suppression": "M.R."
          },
          {
            "suppression": "Cap."
          },
          {
            "suppression": "PC."
          },
          {
            "suppression": "Feb."
          },
          {
            "suppression": "Exec."
          },
          {
            "suppression": "I.e."
          },
          {
            "suppression": "Sep."
          },
          {
            "suppression": "Gb."
          },
          {
            "suppression": "K."
          },
          {
            "suppression": "U.S.C."
          },
          {
            "suppression": "Mt."
          },
          {
            "suppression": "S."
          },
          {
            "suppression": "A.S."
          },
          {
            "suppression": "C.O.D."
          },
          {
            "suppression": "Capt."
          },
          {
            "suppression": "Col."
          },
          {
            "suppression": "In."
          },
          {
            "suppression": "C.F."
          },
          {
            "suppression": "Adj."
          },
          {
            "suppression": "AD."
          },
          {
            "suppression": "I.D."
          },
          {
            "suppression": "Mgr."
          },
          {
            "suppression": "R.T."
          },
          {
            "suppression": "B.V."
          },
          {
            "suppression": "M."
          },
          {
            "suppression": "Conn."
          },
          {
            "suppression": "Yr."
          },
          {
            "suppression": "Rev."
          },
          {
            "suppression": "Phys."
          },
          {
            "suppression": "pp."
          },
          {
            "suppression": "Ms."
          },
          {
            "suppression": "To."
          },
          {
            "suppression": "Sgt."
          },
          {
            "suppression": "J.K."
          },
          {
            "suppression": "Nr."
          },
          {
            "suppression": "Jun."
          },
          {
            "suppression": "Fri."
          },
          {
            "suppression": "S.A.R."
          },
          {
            "suppression": "Lev."
          },
          {
            "suppression": "Lt.Cdr."
          },
          {
            "suppression": "Def."
          },
          {
            "suppression": "F."
          },
          {
            "suppression": "Do."
          },
          {
            "suppression": "Joe."
          },
          {
            "suppression": "Id."
          },
          {
            "suppression": "Mr."
          },
          {
            "suppression": "Dept."
          },
          {
            "suppression": "Is."
          },
          {
            "suppression": "Pvt."
          },
          {
            "suppression": "Diff."
          },
          {
            "suppression": "Hon.B.A."
          },
          {
            "suppression": "Q."
          },
          {
            "suppression": "Mb."
          },
          {
            "suppression": "On."
          },
          {
            "suppression": "Min."
          },
          {
            "suppression": "J.B."
          },
          {
            "suppression": "Ed."
          },
          {
            "suppression": "AB."
          },
          {
            "suppression": "A."
          },
          {
            "suppression": "S.p.A."
          },
          {
            "suppression": "I."
          },
          {
            "suppression": "a.m."
          },
          {
            "suppression": "Comm."
          },
          {
            "suppression": "Go."
          },
          {
            "suppression": "VS."
          },
          {
            "suppression": "L."
          },
          {
            "suppression": "All."
          },
          {
            "suppression": "PP."
          },
          {
            "suppression": "P.V."
          },
          {
            "suppression": "T."
          },
          {
            "suppression": "K.R."
          },
          {
            "suppression": "Etc."
          },
          {
            "suppression": "D."
          },
          {
            "suppression": "Adv."
          },
          {
            "suppression": "Lib."
          },
          {
            "suppression": "E.g."
          },
          {
            "suppression": "Pro."
          },
          {
            "suppression": "U.S.A."
          },
          {
            "suppression": "S.E."
          },
          {
            "suppression": "AA."
          },
          {
            "suppression": "Rep."
          },
          {
            "suppression": "Sq."
          },
          {
            "suppression": "As."
          }
        ]
      }
    }
  }
}
