{
  "segments": {
    "identity": {
      "version": {
        "_number": "$Revision: 11914 $",
        "_cldrVersion": "30.0.2"
      },
      "language": "ru"
    },
    "segmentations": {
      "SentenceBreak": {
        "standard": [
          {
            "suppression": "руб."
          },
          {
            "suppression": "янв."
          },
          {
            "suppression": "до н. э."
          },
          {
            "suppression": "сент."
          },
          {
            "suppression": "тел."
          },
          {
            "suppression": "дек."
          },
          {
            "suppression": "февр."
          },
          {
            "suppression": "нояб."
          },
          {
            "suppression": "апр."
          },
          {
            "suppression": "н. э."
          },
          {
            "suppression": "окт."
          },
          {
            "suppression": "тыс."
          },
          {
            "suppression": "авг."
          },
          {
            "suppression": "проф."
          },
          {
            "suppression": "н.э."
          },
          {
            "suppression": "кв."
          },
          {
            "suppression": "ул."
          },
          {
            "suppression": "отд."
          }
        ]
      }
    }
  }
}
