{
  "main": {
    "ru": {
      "identity": {
        "version": {
          "_number": "$Revision: 12920 $",
          "_cldrVersion": "30.0.2"
        },
        "language": "ru"
      },
      "characters": {
        "exemplarCharacters": "[а б в г д е ё ж з и й к л м н о п р с т у ф х ц ч ш щ ъ ы ь э ю я]",
        "auxiliary": "[{а\\u0301} {е\\u0301} {и\\u0301} {о\\u0301} {у\\u0301} {ы\\u0301} {э\\u0301} {ю\\u0301} {я\\u0301}]",
        "index": "[А Б В Г Д Е Ё Ж З И Й К Л М Н О П Р С Т У Ф Х Ц Ч Ш Щ Ы Э Ю Я]",
        "punctuation": "[\\\\- ‐ – — , ; \\\\: ! ? . … ' ‘ ‚ \\\" “ „ « » ( ) \\\\[ \\\\] \\\\{ \\\\} § @ * / \\\\& #]",
        "ellipsis": {
          "final": "{0}…",
          "initial": "…{0}",
          "medial": "{0}…{1}",
          "word-final": "{0} …",
          "word-initial": "… {0}",
          "word-medial": "{0} … {1}"
        },
        "moreInformation": "?"
      }
    }
  }
}
