{
  "main": {
    "ru": {
      "identity": {
        "version": {
          "_number": "$Revision: 12920 $",
          "_cldrVersion": "30.0.2"
        },
        "language": "ru"
      },
      "contextTransforms": {
        "currencyName": {
          "stand-alone": "titlecase-firstword",
          "uiListOrMenu": "titlecase-firstword"
        },
        "day-format-except-narrow": {
          "stand-alone": "titlecase-firstword",
          "uiListOrMenu": "titlecase-firstword"
        },
        "day-standalone-except-narrow": {
          "stand-alone": "titlecase-firstword",
          "uiListOrMenu": "titlecase-firstword"
        },
        "era-abbr": {
          "stand-alone": "titlecase-firstword",
          "uiListOrMenu": "titlecase-firstword"
        },
        "era-name": {
          "stand-alone": "titlecase-firstword",
          "uiListOrMenu": "titlecase-firstword"
        },
        "keyValue": {
          "stand-alone": "titlecase-firstword",
          "uiListOrMenu": "titlecase-firstword"
        },
        "languages": {
          "stand-alone": "titlecase-firstword",
          "uiListOrMenu": "titlecase-firstword"
        },
        "month-format-except-narrow": {
          "stand-alone": "titlecase-firstword",
          "uiListOrMenu": "titlecase-firstword"
        },
        "month-standalone-except-narrow": {
          "stand-alone": "titlecase-firstword",
          "uiListOrMenu": "titlecase-firstword"
        },
        "relative": {
          "stand-alone": "titlecase-firstword",
          "uiListOrMenu": "titlecase-firstword"
        },
        "script": {
          "stand-alone": "titlecase-firstword",
          "uiListOrMenu": "titlecase-firstword"
        }
      }
    }
  }
}
