{
  "main": {
    "ru": {
      "identity": {
        "version": {
          "_number": "$Revision: 12920 $",
          "_cldrVersion": "30.0.2"
        },
        "language": "ru"
      },
      "dates": {
        "fields": {
          "era": {
            "displayName": "эра"
          },
          "year": {
            "displayName": "год",
            "relative-type--1": "в прошлом году",
            "relative-type-0": "в этом году",
            "relative-type-1": "в следующем году",
            "relativeTime-type-future": {
              "relativeTimePattern-count-one": "через {0} год",
              "relativeTimePattern-count-few": "через {0} года",
              "relativeTimePattern-count-many": "через {0} лет",
              "relativeTimePattern-count-other": "через {0} года"
            },
            "relativeTime-type-past": {
              "relativeTimePattern-count-one": "{0} год назад",
              "relativeTimePattern-count-few": "{0} года назад",
              "relativeTimePattern-count-many": "{0} лет назад",
              "relativeTimePattern-count-other": "{0} года назад"
            }
          },
          "year-short": {
            "displayName": "г.",
            "relative-type--1": "в прошлом году",
            "relative-type-0": "в этом году",
            "relative-type-1": "в следующем году",
            "relativeTime-type-future": {
              "relativeTimePattern-count-one": "через {0} г.",
              "relativeTimePattern-count-few": "через {0} г.",
              "relativeTimePattern-count-many": "через {0} л.",
              "relativeTimePattern-count-other": "через {0} г."
            },
            "relativeTime-type-past": {
              "relativeTimePattern-count-one": "{0} г. назад",
              "relativeTimePattern-count-few": "{0} г. назад",
              "relativeTimePattern-count-many": "{0} л. назад",
              "relativeTimePattern-count-other": "{0} г. назад"
            }
          },
          "year-narrow": {
            "displayName": "г.",
            "relative-type--1": "в прошлом году",
            "relative-type-0": "в этом году",
            "relative-type-1": "в следующем году",
            "relativeTime-type-future": {
              "relativeTimePattern-count-one": "+{0} г.",
              "relativeTimePattern-count-few": "+{0} г.",
              "relativeTimePattern-count-many": "+{0} л.",
              "relativeTimePattern-count-other": "+{0} г."
            },
            "relativeTime-type-past": {
              "relativeTimePattern-count-one": "-{0} г.",
              "relativeTimePattern-count-few": "-{0} г.",
              "relativeTimePattern-count-many": "-{0} л.",
              "relativeTimePattern-count-other": "-{0} г."
            }
          },
          "quarter": {
            "displayName": "квартал",
            "relative-type--1": "в прошлом квартале",
            "relative-type-0": "в текущем квартале",
            "relative-type-1": "в следующем квартале",
            "relativeTime-type-future": {
              "relativeTimePattern-count-one": "через {0} квартал",
              "relativeTimePattern-count-few": "через {0} квартала",
              "relativeTimePattern-count-many": "через {0} кварталов",
              "relativeTimePattern-count-other": "через {0} квартала"
            },
            "relativeTime-type-past": {
              "relativeTimePattern-count-one": "{0} квартал назад",
              "relativeTimePattern-count-few": "{0} квартала назад",
              "relativeTimePattern-count-many": "{0} кварталов назад",
              "relativeTimePattern-count-other": "{0} квартала назад"
            }
          },
          "quarter-short": {
            "displayName": "кв.",
            "relative-type--1": "последний кв.",
            "relative-type-0": "текущий кв.",
            "relative-type-1": "следующий кв.",
            "relativeTime-type-future": {
              "relativeTimePattern-count-one": "через {0} кв.",
              "relativeTimePattern-count-few": "через {0} кв.",
              "relativeTimePattern-count-many": "через {0} кв.",
              "relativeTimePattern-count-other": "через {0} кв."
            },
            "relativeTime-type-past": {
              "relativeTimePattern-count-one": "{0} кв. назад",
              "relativeTimePattern-count-few": "{0} кв. назад",
              "relativeTimePattern-count-many": "{0} кв. назад",
              "relativeTimePattern-count-other": "{0} кв. назад"
            }
          },
          "quarter-narrow": {
            "displayName": "кв.",
            "relative-type--1": "посл. кв.",
            "relative-type-0": "тек. кв.",
            "relative-type-1": "след. кв.",
            "relativeTime-type-future": {
              "relativeTimePattern-count-one": "+{0} кв.",
              "relativeTimePattern-count-few": "+{0} кв.",
              "relativeTimePattern-count-many": "+{0} кв.",
              "relativeTimePattern-count-other": "+{0} кв."
            },
            "relativeTime-type-past": {
              "relativeTimePattern-count-one": "-{0} кв.",
              "relativeTimePattern-count-few": "-{0} кв.",
              "relativeTimePattern-count-many": "-{0} кв.",
              "relativeTimePattern-count-other": "-{0} кв."
            }
          },
          "month": {
            "displayName": "месяц",
            "relative-type--1": "в прошлом месяце",
            "relative-type-0": "в этом месяце",
            "relative-type-1": "в следующем месяце",
            "relativeTime-type-future": {
              "relativeTimePattern-count-one": "через {0} месяц",
              "relativeTimePattern-count-few": "через {0} месяца",
              "relativeTimePattern-count-many": "через {0} месяцев",
              "relativeTimePattern-count-other": "через {0} месяца"
            },
            "relativeTime-type-past": {
              "relativeTimePattern-count-one": "{0} месяц назад",
              "relativeTimePattern-count-few": "{0} месяца назад",
              "relativeTimePattern-count-many": "{0} месяцев назад",
              "relativeTimePattern-count-other": "{0} месяца назад"
            }
          },
          "month-short": {
            "displayName": "мес.",
            "relative-type--1": "в прошлом месяце",
            "relative-type-0": "в этом месяце",
            "relative-type-1": "в следующем месяце",
            "relativeTime-type-future": {
              "relativeTimePattern-count-one": "через {0} мес.",
              "relativeTimePattern-count-few": "через {0} мес.",
              "relativeTimePattern-count-many": "через {0} мес.",
              "relativeTimePattern-count-other": "через {0} мес."
            },
            "relativeTime-type-past": {
              "relativeTimePattern-count-one": "{0} мес. назад",
              "relativeTimePattern-count-few": "{0} мес. назад",
              "relativeTimePattern-count-many": "{0} мес. назад",
              "relativeTimePattern-count-other": "{0} мес. назад"
            }
          },
          "month-narrow": {
            "displayName": "мес.",
            "relative-type--1": "в прошлом месяце",
            "relative-type-0": "в этом месяце",
            "relative-type-1": "в следующем месяце",
            "relativeTime-type-future": {
              "relativeTimePattern-count-one": "+{0} мес.",
              "relativeTimePattern-count-few": "+{0} мес.",
              "relativeTimePattern-count-many": "+{0} мес.",
              "relativeTimePattern-count-other": "+{0} мес."
            },
            "relativeTime-type-past": {
              "relativeTimePattern-count-one": "-{0} мес.",
              "relativeTimePattern-count-few": "-{0} мес.",
              "relativeTimePattern-count-many": "-{0} мес.",
              "relativeTimePattern-count-other": "-{0} мес."
            }
          },
          "week": {
            "displayName": "неделя",
            "relative-type--1": "на прошлой неделе",
            "relative-type-0": "на этой неделе",
            "relative-type-1": "на следующей неделе",
            "relativeTime-type-future": {
              "relativeTimePattern-count-one": "через {0} неделю",
              "relativeTimePattern-count-few": "через {0} недели",
              "relativeTimePattern-count-many": "через {0} недель",
              "relativeTimePattern-count-other": "через {0} недели"
            },
            "relativeTime-type-past": {
              "relativeTimePattern-count-one": "{0} неделю назад",
              "relativeTimePattern-count-few": "{0} недели назад",
              "relativeTimePattern-count-many": "{0} недель назад",
              "relativeTimePattern-count-other": "{0} недели назад"
            },
            "relativePeriod": "на неделе {0}"
          },
          "week-short": {
            "displayName": "нед.",
            "relative-type--1": "на прошлой неделе",
            "relative-type-0": "на этой неделе",
            "relative-type-1": "на следующей неделе",
            "relativeTime-type-future": {
              "relativeTimePattern-count-one": "через {0} нед.",
              "relativeTimePattern-count-few": "через {0} нед.",
              "relativeTimePattern-count-many": "через {0} нед.",
              "relativeTimePattern-count-other": "через {0} нед."
            },
            "relativeTime-type-past": {
              "relativeTimePattern-count-one": "{0} нед. назад",
              "relativeTimePattern-count-few": "{0} нед. назад",
              "relativeTimePattern-count-many": "{0} нед. назад",
              "relativeTimePattern-count-other": "{0} нед. назад"
            },
            "relativePeriod": "на нед. {0}"
          },
          "week-narrow": {
            "displayName": "нед.",
            "relative-type--1": "на прошлой неделе",
            "relative-type-0": "на этой неделе",
            "relative-type-1": "на следующей неделе",
            "relativeTime-type-future": {
              "relativeTimePattern-count-one": "+{0} нед.",
              "relativeTimePattern-count-few": "+{0} нед.",
              "relativeTimePattern-count-many": "+{0} нед.",
              "relativeTimePattern-count-other": "+{0} нед."
            },
            "relativeTime-type-past": {
              "relativeTimePattern-count-one": "-{0} нед.",
              "relativeTimePattern-count-few": "-{0} нед.",
              "relativeTimePattern-count-many": "-{0} нед.",
              "relativeTimePattern-count-other": "-{0} нед."
            },
            "relativePeriod": "на нед. {0}"
          },
          "day": {
            "displayName": "день",
            "relative-type--2": "позавчера",
            "relative-type--1": "вчера",
            "relative-type-0": "сегодня",
            "relative-type-1": "завтра",
            "relative-type-2": "послезавтра",
            "relativeTime-type-future": {
              "relativeTimePattern-count-one": "через {0} день",
              "relativeTimePattern-count-few": "через {0} дня",
              "relativeTimePattern-count-many": "через {0} дней",
              "relativeTimePattern-count-other": "через {0} дня"
            },
            "relativeTime-type-past": {
              "relativeTimePattern-count-one": "{0} день назад",
              "relativeTimePattern-count-few": "{0} дня назад",
              "relativeTimePattern-count-many": "{0} дней назад",
              "relativeTimePattern-count-other": "{0} дня назад"
            }
          },
          "day-short": {
            "displayName": "дн.",
            "relative-type--2": "позавчера",
            "relative-type--1": "вчера",
            "relative-type-0": "сегодня",
            "relative-type-1": "завтра",
            "relative-type-2": "послезавтра",
            "relativeTime-type-future": {
              "relativeTimePattern-count-one": "через {0} д.",
              "relativeTimePattern-count-few": "через {0} дн.",
              "relativeTimePattern-count-many": "через {0} дн.",
              "relativeTimePattern-count-other": "через {0} дн."
            },
            "relativeTime-type-past": {
              "relativeTimePattern-count-one": "{0} д. назад",
              "relativeTimePattern-count-few": "{0} дн. назад",
              "relativeTimePattern-count-many": "{0} дн. назад",
              "relativeTimePattern-count-other": "{0} дн. назад"
            }
          },
          "day-narrow": {
            "displayName": "дн.",
            "relative-type--2": "позавчера",
            "relative-type--1": "вчера",
            "relative-type-0": "сегодня",
            "relative-type-1": "завтра",
            "relative-type-2": "послезавтра",
            "relativeTime-type-future": {
              "relativeTimePattern-count-one": "+{0} д.",
              "relativeTimePattern-count-few": "+{0} д.",
              "relativeTimePattern-count-many": "+{0} д.",
              "relativeTimePattern-count-other": "+{0} д."
            },
            "relativeTime-type-past": {
              "relativeTimePattern-count-one": "-{0} д.",
              "relativeTimePattern-count-few": "-{0} д.",
              "relativeTimePattern-count-many": "-{0} д.",
              "relativeTimePattern-count-other": "-{0} д."
            }
          },
          "weekday": {
            "displayName": "день недели"
          },
          "sun": {
            "relative-type--1": "в прошлое воскресенье",
            "relative-type-0": "в это воскресенье",
            "relative-type-1": "в следующее воскресенье",
            "relativeTime-type-future": {
              "relativeTimePattern-count-one": "через {0} воскресенье",
              "relativeTimePattern-count-few": "через {0} воскресенья",
              "relativeTimePattern-count-many": "через {0} воскресений",
              "relativeTimePattern-count-other": "через {0} воскресенья"
            },
            "relativeTime-type-past": {
              "relativeTimePattern-count-one": "{0} воскресенье назад",
              "relativeTimePattern-count-few": "{0} воскресенья назад",
              "relativeTimePattern-count-many": "{0} воскресений назад",
              "relativeTimePattern-count-other": "{0} воскресенья назад"
            }
          },
          "sun-short": {
            "relative-type--1": "в прош. вс.",
            "relative-type-0": "в это вс.",
            "relative-type-1": "в след. вс.",
            "relativeTime-type-future": {
              "relativeTimePattern-count-one": "через {0} вс.",
              "relativeTimePattern-count-few": "через {0} вс.",
              "relativeTimePattern-count-many": "через {0} вс.",
              "relativeTimePattern-count-other": "через {0} вс."
            },
            "relativeTime-type-past": {
              "relativeTimePattern-count-one": "{0} вс. назад",
              "relativeTimePattern-count-few": "{0} вс. назад",
              "relativeTimePattern-count-many": "{0} вс. назад",
              "relativeTimePattern-count-other": "{0} вс. назад"
            }
          },
          "sun-narrow": {
            "relative-type--1": "в прош. вс.",
            "relative-type-0": "в это вс.",
            "relative-type-1": "в след. вс.",
            "relativeTime-type-future": {
              "relativeTimePattern-count-one": "+{0} вс.",
              "relativeTimePattern-count-few": "+{0} вс.",
              "relativeTimePattern-count-many": "+{0} вс.",
              "relativeTimePattern-count-other": "+{0} вс."
            },
            "relativeTime-type-past": {
              "relativeTimePattern-count-one": "-{0} вс.",
              "relativeTimePattern-count-few": "-{0} вс.",
              "relativeTimePattern-count-many": "-{0} вс.",
              "relativeTimePattern-count-other": "-{0} вс."
            }
          },
          "mon": {
            "relative-type--1": "в прошлый понедельник",
            "relative-type-0": "в этот понедельник",
            "relative-type-1": "в следующий понедельник",
            "relativeTime-type-future": {
              "relativeTimePattern-count-one": "через {0} понедельник",
              "relativeTimePattern-count-few": "через {0} понедельника",
              "relativeTimePattern-count-many": "через {0} понедельников",
              "relativeTimePattern-count-other": "через {0} понедельника"
            },
            "relativeTime-type-past": {
              "relativeTimePattern-count-one": "{0} понедельник назад",
              "relativeTimePattern-count-few": "{0} понедельника назад",
              "relativeTimePattern-count-many": "{0} понедельников назад",
              "relativeTimePattern-count-other": "{0} понедельника назад"
            }
          },
          "mon-short": {
            "relative-type--1": "в прош. пн.",
            "relative-type-0": "в этот пн.",
            "relative-type-1": "в след. пн.",
            "relativeTime-type-future": {
              "relativeTimePattern-count-one": "через {0} пн.",
              "relativeTimePattern-count-few": "через {0} пн.",
              "relativeTimePattern-count-many": "через {0} пн.",
              "relativeTimePattern-count-other": "через {0} пн."
            },
            "relativeTime-type-past": {
              "relativeTimePattern-count-one": "{0} пн. назад",
              "relativeTimePattern-count-few": "{0} пн. назад",
              "relativeTimePattern-count-many": "{0} пн. назад",
              "relativeTimePattern-count-other": "{0} пн. назад"
            }
          },
          "mon-narrow": {
            "relative-type--1": "в прош. пн.",
            "relative-type-0": "в этот пн.",
            "relative-type-1": "в след. пн.",
            "relativeTime-type-future": {
              "relativeTimePattern-count-one": "+{0} пн.",
              "relativeTimePattern-count-few": "+{0} пн.",
              "relativeTimePattern-count-many": "+{0} пн.",
              "relativeTimePattern-count-other": "+{0} пн."
            },
            "relativeTime-type-past": {
              "relativeTimePattern-count-one": "-{0} пн.",
              "relativeTimePattern-count-few": "-{0} пн.",
              "relativeTimePattern-count-many": "-{0} пн.",
              "relativeTimePattern-count-other": "-{0} пн."
            }
          },
          "tue": {
            "relative-type--1": "в прошлый вторник",
            "relative-type-0": "в этот вторник",
            "relative-type-1": "в следующий вторник",
            "relativeTime-type-future": {
              "relativeTimePattern-count-one": "через {0} вторник",
              "relativeTimePattern-count-few": "через {0} вторника",
              "relativeTimePattern-count-many": "через {0} вторников",
              "relativeTimePattern-count-other": "через {0} вторника"
            },
            "relativeTime-type-past": {
              "relativeTimePattern-count-one": "{0} вторник назад",
              "relativeTimePattern-count-few": "{0} вторника назад",
              "relativeTimePattern-count-many": "{0} вторников назад",
              "relativeTimePattern-count-other": "{0} вторника назад"
            }
          },
          "tue-short": {
            "relative-type--1": "в прош. вт.",
            "relative-type-0": "в этот вт.",
            "relative-type-1": "в след. вт.",
            "relativeTime-type-future": {
              "relativeTimePattern-count-one": "через {0} вт.",
              "relativeTimePattern-count-few": "через {0} вт.",
              "relativeTimePattern-count-many": "через {0} вт.",
              "relativeTimePattern-count-other": "через {0} вт."
            },
            "relativeTime-type-past": {
              "relativeTimePattern-count-one": "{0} вт. назад",
              "relativeTimePattern-count-few": "{0} вт. назад",
              "relativeTimePattern-count-many": "{0} вт. назад",
              "relativeTimePattern-count-other": "{0} вт. назад"
            }
          },
          "tue-narrow": {
            "relative-type--1": "в прош. вт.",
            "relative-type-0": "в этот вт.",
            "relative-type-1": "в след. вт.",
            "relativeTime-type-future": {
              "relativeTimePattern-count-one": "+{0} вт.",
              "relativeTimePattern-count-few": "+{0} вт.",
              "relativeTimePattern-count-many": "+{0} вт.",
              "relativeTimePattern-count-other": "+{0} вт."
            },
            "relativeTime-type-past": {
              "relativeTimePattern-count-one": "-{0} вт.",
              "relativeTimePattern-count-few": "-{0} вт.",
              "relativeTimePattern-count-many": "-{0} вт.",
              "relativeTimePattern-count-other": "-{0} вт."
            }
          },
          "wed": {
            "relative-type--1": "в прошлую среду",
            "relative-type-0": "в эту среду",
            "relative-type-1": "в следующую среду",
            "relativeTime-type-future": {
              "relativeTimePattern-count-one": "через {0} среду",
              "relativeTimePattern-count-few": "через {0} среды",
              "relativeTimePattern-count-many": "через {0} сред",
              "relativeTimePattern-count-other": "через {0} среды"
            },
            "relativeTime-type-past": {
              "relativeTimePattern-count-one": "{0} среду назад",
              "relativeTimePattern-count-few": "{0} среды назад",
              "relativeTimePattern-count-many": "{0} сред назад",
              "relativeTimePattern-count-other": "{0} среды назад"
            }
          },
          "wed-short": {
            "relative-type--1": "в прош. ср.",
            "relative-type-0": "в эту ср.",
            "relative-type-1": "в след. ср.",
            "relativeTime-type-future": {
              "relativeTimePattern-count-one": "через {0} ср.",
              "relativeTimePattern-count-few": "через {0} ср.",
              "relativeTimePattern-count-many": "через {0} ср.",
              "relativeTimePattern-count-other": "через {0} ср."
            },
            "relativeTime-type-past": {
              "relativeTimePattern-count-one": "{0} ср. назад",
              "relativeTimePattern-count-few": "{0} ср. назад",
              "relativeTimePattern-count-many": "{0} ср. назад",
              "relativeTimePattern-count-other": "{0} ср. назад"
            }
          },
          "wed-narrow": {
            "relative-type--1": "в прош. ср.",
            "relative-type-0": "в эту ср.",
            "relative-type-1": "в след. ср.",
            "relativeTime-type-future": {
              "relativeTimePattern-count-one": "+{0} ср.",
              "relativeTimePattern-count-few": "+{0} ср.",
              "relativeTimePattern-count-many": "+{0} ср.",
              "relativeTimePattern-count-other": "+{0} ср."
            },
            "relativeTime-type-past": {
              "relativeTimePattern-count-one": "-{0} ср.",
              "relativeTimePattern-count-few": "-{0} ср.",
              "relativeTimePattern-count-many": "-{0} ср.",
              "relativeTimePattern-count-other": "-{0} ср."
            }
          },
          "thu": {
            "relative-type--1": "в прошлый четверг",
            "relative-type-0": "в этот четверг",
            "relative-type-1": "в следующий четверг",
            "relativeTime-type-future": {
              "relativeTimePattern-count-one": "через {0} четверг",
              "relativeTimePattern-count-few": "через {0} четверга",
              "relativeTimePattern-count-many": "через {0} четвергов",
              "relativeTimePattern-count-other": "через {0} четверга"
            },
            "relativeTime-type-past": {
              "relativeTimePattern-count-one": "{0} четверг назад",
              "relativeTimePattern-count-few": "{0} четверга назад",
              "relativeTimePattern-count-many": "{0} четвергов назад",
              "relativeTimePattern-count-other": "{0} четверга назад"
            }
          },
          "thu-short": {
            "relative-type--1": "в прош. чт.",
            "relative-type-0": "в этот чт.",
            "relative-type-1": "в след. чт.",
            "relativeTime-type-future": {
              "relativeTimePattern-count-one": "через {0} чт.",
              "relativeTimePattern-count-few": "через {0} чт.",
              "relativeTimePattern-count-many": "через {0} чт.",
              "relativeTimePattern-count-other": "через {0} чт."
            },
            "relativeTime-type-past": {
              "relativeTimePattern-count-one": "{0} чт. назад",
              "relativeTimePattern-count-few": "{0} чт. назад",
              "relativeTimePattern-count-many": "{0} чт. назад",
              "relativeTimePattern-count-other": "{0} чт. назад"
            }
          },
          "thu-narrow": {
            "relative-type--1": "в прош. чт.",
            "relative-type-0": "в этот чт.",
            "relative-type-1": "в след. чт.",
            "relativeTime-type-future": {
              "relativeTimePattern-count-one": "+{0} чт.",
              "relativeTimePattern-count-few": "+{0} чт.",
              "relativeTimePattern-count-many": "+{0} чт.",
              "relativeTimePattern-count-other": "+{0} чт."
            },
            "relativeTime-type-past": {
              "relativeTimePattern-count-one": "-{0} чт.",
              "relativeTimePattern-count-few": "-{0} чт.",
              "relativeTimePattern-count-many": "-{0} чт.",
              "relativeTimePattern-count-other": "-{0} чт."
            }
          },
          "fri": {
            "relative-type--1": "в прошлую пятницу",
            "relative-type-0": "в эту пятницу",
            "relative-type-1": "в следующую пятницу",
            "relativeTime-type-future": {
              "relativeTimePattern-count-one": "через {0} пятницу",
              "relativeTimePattern-count-few": "через {0} пятницы",
              "relativeTimePattern-count-many": "через {0} пятниц",
              "relativeTimePattern-count-other": "через {0} пятницы"
            },
            "relativeTime-type-past": {
              "relativeTimePattern-count-one": "{0} пятницу назад",
              "relativeTimePattern-count-few": "{0} пятницы назад",
              "relativeTimePattern-count-many": "{0} пятниц назад",
              "relativeTimePattern-count-other": "{0} пятницы назад"
            }
          },
          "fri-short": {
            "relative-type--1": "в прош. пт.",
            "relative-type-0": "в эту пт.",
            "relative-type-1": "в след. пт.",
            "relativeTime-type-future": {
              "relativeTimePattern-count-one": "через {0} пт.",
              "relativeTimePattern-count-few": "через {0} пт.",
              "relativeTimePattern-count-many": "через {0} пт.",
              "relativeTimePattern-count-other": "через {0} пт."
            },
            "relativeTime-type-past": {
              "relativeTimePattern-count-one": "{0} пт. назад",
              "relativeTimePattern-count-few": "{0} пт. назад",
              "relativeTimePattern-count-many": "{0} пт. назад",
              "relativeTimePattern-count-other": "{0} пт. назад"
            }
          },
          "fri-narrow": {
            "relative-type--1": "в прош. пт.",
            "relative-type-0": "в эту пт.",
            "relative-type-1": "в след. пт.",
            "relativeTime-type-future": {
              "relativeTimePattern-count-one": "+{0} пт.",
              "relativeTimePattern-count-few": "+{0} пт.",
              "relativeTimePattern-count-many": "+{0} пт.",
              "relativeTimePattern-count-other": "+{0} пт."
            },
            "relativeTime-type-past": {
              "relativeTimePattern-count-one": "-{0} пт.",
              "relativeTimePattern-count-few": "-{0} пт.",
              "relativeTimePattern-count-many": "-{0} пт.",
              "relativeTimePattern-count-other": "-{0} пт."
            }
          },
          "sat": {
            "relative-type--1": "в прошлую субботу",
            "relative-type-0": "в эту субботу",
            "relative-type-1": "в следующую субботу",
            "relativeTime-type-future": {
              "relativeTimePattern-count-one": "через {0} субботу",
              "relativeTimePattern-count-few": "через {0} субботы",
              "relativeTimePattern-count-many": "через {0} суббот",
              "relativeTimePattern-count-other": "через {0} субботы"
            },
            "relativeTime-type-past": {
              "relativeTimePattern-count-one": "{0} субботу назад",
              "relativeTimePattern-count-few": "{0} субботы назад",
              "relativeTimePattern-count-many": "{0} суббот назад",
              "relativeTimePattern-count-other": "{0} субботы назад"
            }
          },
          "sat-short": {
            "relative-type--1": "в прош. сб.",
            "relative-type-0": "в эту сб.",
            "relative-type-1": "в след. сб.",
            "relativeTime-type-future": {
              "relativeTimePattern-count-one": "через {0} сб.",
              "relativeTimePattern-count-few": "через {0} сб.",
              "relativeTimePattern-count-many": "через {0} сб.",
              "relativeTimePattern-count-other": "через {0} сб."
            },
            "relativeTime-type-past": {
              "relativeTimePattern-count-one": "{0} сб. назад",
              "relativeTimePattern-count-few": "{0} сб. назад",
              "relativeTimePattern-count-many": "{0} сб. назад",
              "relativeTimePattern-count-other": "{0} сб. назад"
            }
          },
          "sat-narrow": {
            "relative-type--1": "в прош. сб.",
            "relative-type-0": "в эту сб.",
            "relative-type-1": "в след. сб.",
            "relativeTime-type-future": {
              "relativeTimePattern-count-one": "+{0} сб.",
              "relativeTimePattern-count-few": "+{0} сб.",
              "relativeTimePattern-count-many": "+{0} сб.",
              "relativeTimePattern-count-other": "+{0} сб."
            },
            "relativeTime-type-past": {
              "relativeTimePattern-count-one": "-{0} сб.",
              "relativeTimePattern-count-few": "-{0} сб.",
              "relativeTimePattern-count-many": "-{0} сб.",
              "relativeTimePattern-count-other": "-{0} сб."
            }
          },
          "dayperiod": {
            "displayName": "ДП/ПП"
          },
          "hour": {
            "displayName": "час",
            "relative-type-0": "в этом часе",
            "relativeTime-type-future": {
              "relativeTimePattern-count-one": "через {0} час",
              "relativeTimePattern-count-few": "через {0} часа",
              "relativeTimePattern-count-many": "через {0} часов",
              "relativeTimePattern-count-other": "через {0} часа"
            },
            "relativeTime-type-past": {
              "relativeTimePattern-count-one": "{0} час назад",
              "relativeTimePattern-count-few": "{0} часа назад",
              "relativeTimePattern-count-many": "{0} часов назад",
              "relativeTimePattern-count-other": "{0} часа назад"
            }
          },
          "hour-short": {
            "displayName": "ч.",
            "relative-type-0": "в этом часе",
            "relativeTime-type-future": {
              "relativeTimePattern-count-one": "через {0} ч.",
              "relativeTimePattern-count-few": "через {0} ч.",
              "relativeTimePattern-count-many": "через {0} ч.",
              "relativeTimePattern-count-other": "через {0} ч."
            },
            "relativeTime-type-past": {
              "relativeTimePattern-count-one": "{0} ч. назад",
              "relativeTimePattern-count-few": "{0} ч. назад",
              "relativeTimePattern-count-many": "{0} ч. назад",
              "relativeTimePattern-count-other": "{0} ч. назад"
            }
          },
          "hour-narrow": {
            "displayName": "ч",
            "relative-type-0": "в этом часе",
            "relativeTime-type-future": {
              "relativeTimePattern-count-one": "+{0} ч.",
              "relativeTimePattern-count-few": "+{0} ч.",
              "relativeTimePattern-count-many": "+{0} ч.",
              "relativeTimePattern-count-other": "+{0} ч."
            },
            "relativeTime-type-past": {
              "relativeTimePattern-count-one": "-{0} ч.",
              "relativeTimePattern-count-few": "-{0} ч.",
              "relativeTimePattern-count-many": "-{0} ч.",
              "relativeTimePattern-count-other": "-{0} ч."
            }
          },
          "minute": {
            "displayName": "минута",
            "relative-type-0": "в эту минуту",
            "relativeTime-type-future": {
              "relativeTimePattern-count-one": "через {0} минуту",
              "relativeTimePattern-count-few": "через {0} минуты",
              "relativeTimePattern-count-many": "через {0} минут",
              "relativeTimePattern-count-other": "через {0} минуты"
            },
            "relativeTime-type-past": {
              "relativeTimePattern-count-one": "{0} минуту назад",
              "relativeTimePattern-count-few": "{0} минуты назад",
              "relativeTimePattern-count-many": "{0} минут назад",
              "relativeTimePattern-count-other": "{0} минуты назад"
            }
          },
          "minute-short": {
            "displayName": "мин.",
            "relative-type-0": "в эту минуту",
            "relativeTime-type-future": {
              "relativeTimePattern-count-one": "через {0} мин.",
              "relativeTimePattern-count-few": "через {0} мин.",
              "relativeTimePattern-count-many": "через {0} мин.",
              "relativeTimePattern-count-other": "через {0} мин."
            },
            "relativeTime-type-past": {
              "relativeTimePattern-count-one": "{0} мин. назад",
              "relativeTimePattern-count-few": "{0} мин. назад",
              "relativeTimePattern-count-many": "{0} мин. назад",
              "relativeTimePattern-count-other": "{0} мин. назад"
            }
          },
          "minute-narrow": {
            "displayName": "мин",
            "relative-type-0": "в эту минуту",
            "relativeTime-type-future": {
              "relativeTimePattern-count-one": "+{0} мин.",
              "relativeTimePattern-count-few": "+{0} мин.",
              "relativeTimePattern-count-many": "+{0} мин.",
              "relativeTimePattern-count-other": "+{0} мин."
            },
            "relativeTime-type-past": {
              "relativeTimePattern-count-one": "-{0} мин.",
              "relativeTimePattern-count-few": "-{0} мин.",
              "relativeTimePattern-count-many": "-{0} мин.",
              "relativeTimePattern-count-other": "-{0} мин."
            }
          },
          "second": {
            "displayName": "секунда",
            "relative-type-0": "сейчас",
            "relativeTime-type-future": {
              "relativeTimePattern-count-one": "через {0} секунду",
              "relativeTimePattern-count-few": "через {0} секунды",
              "relativeTimePattern-count-many": "через {0} секунд",
              "relativeTimePattern-count-other": "через {0} секунды"
            },
            "relativeTime-type-past": {
              "relativeTimePattern-count-one": "{0} секунду назад",
              "relativeTimePattern-count-few": "{0} секунды назад",
              "relativeTimePattern-count-many": "{0} секунд назад",
              "relativeTimePattern-count-other": "{0} секунды назад"
            }
          },
          "second-short": {
            "displayName": "сек.",
            "relative-type-0": "сейчас",
            "relativeTime-type-future": {
              "relativeTimePattern-count-one": "через {0} сек.",
              "relativeTimePattern-count-few": "через {0} сек.",
              "relativeTimePattern-count-many": "через {0} сек.",
              "relativeTimePattern-count-other": "через {0} сек."
            },
            "relativeTime-type-past": {
              "relativeTimePattern-count-one": "{0} сек. назад",
              "relativeTimePattern-count-few": "{0} сек. назад",
              "relativeTimePattern-count-many": "{0} сек. назад",
              "relativeTimePattern-count-other": "{0} сек. назад"
            }
          },
          "second-narrow": {
            "displayName": "с",
            "relative-type-0": "сейчас",
            "relativeTime-type-future": {
              "relativeTimePattern-count-one": "+{0} сек.",
              "relativeTimePattern-count-few": "+{0} сек.",
              "relativeTimePattern-count-many": "+{0} сек.",
              "relativeTimePattern-count-other": "+{0} сек."
            },
            "relativeTime-type-past": {
              "relativeTimePattern-count-one": "-{0} сек.",
              "relativeTimePattern-count-few": "-{0} сек.",
              "relativeTimePattern-count-many": "-{0} сек.",
              "relativeTimePattern-count-other": "-{0} сек."
            }
          },
          "zone": {
            "displayName": "часовой пояс"
          }
        }
      }
    }
  }
}
