{
  "main": {
    "ru": {
      "identity": {
        "version": {
          "_number": "$Revision: 12920 $",
          "_cldrVersion": "30.0.2"
        },
        "language": "ru"
      },
      "localeDisplayNames": {
        "languages": {
          "aa": "афарский",
          "ab": "абхазский",
          "ace": "ачехский",
          "ach": "ачоли",
          "ada": "адангме",
          "ady": "адыгейский",
          "ae": "авестийский",
          "af": "африкаанс",
          "afh": "африхили",
          "agq": "агхем",
          "ain": "айну",
          "ak": "акан",
          "akk": "аккадский",
          "ale": "алеутский",
          "alt": "южноалтайский",
          "am": "амхарский",
          "an": "арагонский",
          "ang": "староанглийский",
          "anp": "ангика",
          "ar": "арабский",
          "ar-001": "арабский литературный",
          "arc": "арамейский",
          "arn": "мапуче",
          "arp": "арапахо",
          "arw": "аравакский",
          "as": "ассамский",
          "asa": "асу",
          "ast": "астурийский",
          "av": "аварский",
          "awa": "авадхи",
          "ay": "аймара",
          "az": "азербайджанский",
          "az-alt-short": "азербайджанский",
          "ba": "башкирский",
          "bal": "белуджский",
          "ban": "балийский",
          "bas": "баса",
          "bax": "бамум",
          "bbj": "гомала",
          "be": "белорусский",
          "bej": "беджа",
          "bem": "бемба",
          "bez": "бена",
          "bfd": "бафут",
          "bg": "болгарский",
          "bgn": "западный белуджский",
          "bho": "бходжпури",
          "bi": "бислама",
          "bik": "бикольский",
          "bin": "бини",
          "bkm": "ком",
          "bla": "сиксика",
          "bm": "бамбара",
          "bn": "бенгальский",
          "bo": "тибетский",
          "br": "бретонский",
          "bra": "брауи",
          "brx": "бодо",
          "bs": "боснийский",
          "bss": "акоосе",
          "bua": "бурятский",
          "bug": "бугийский",
          "bum": "булу",
          "byn": "билин",
          "byv": "медумба",
          "ca": "каталанский",
          "cad": "каддо",
          "car": "кариб",
          "cay": "кайюга",
          "cch": "атсам",
          "ce": "чеченский",
          "ceb": "себуано",
          "cgg": "кига",
          "ch": "чаморро",
          "chb": "чибча",
          "chg": "чагатайский",
          "chk": "чукотский",
          "chm": "марийский",
          "chn": "чинук жаргон",
          "cho": "чоктав",
          "chp": "чипевьян",
          "chr": "чероки",
          "chy": "чейенн",
          "ckb": "сорани",
          "co": "корсиканский",
          "cop": "коптский",
          "cr": "кри",
          "crh": "крымско-татарский",
          "crs": "сейшельский креольский",
          "cs": "чешский",
          "csb": "кашубский",
          "cu": "церковнославянский",
          "cv": "чувашский",
          "cy": "валлийский",
          "da": "датский",
          "dak": "дакота",
          "dar": "даргинский",
          "dav": "таита",
          "de": "немецкий",
          "de-AT": "австрийский немецкий",
          "de-CH": "литературный швейцарский немецкий",
          "del": "делаварский",
          "den": "слейви",
          "dgr": "догриб",
          "din": "динка",
          "dje": "джерма",
          "doi": "догри",
          "dsb": "нижнелужицкий",
          "dua": "дуала",
          "dum": "средненидерландский",
          "dv": "мальдивский",
          "dyo": "диола-фоньи",
          "dyu": "диула",
          "dz": "дзонг-кэ",
          "dzg": "даза",
          "ebu": "эмбу",
          "ee": "эве",
          "efi": "эфик",
          "egy": "древнеегипетский",
          "eka": "экаджук",
          "el": "греческий",
          "elx": "эламский",
          "en": "английский",
          "en-AU": "австралийский английский",
          "en-CA": "канадский английский",
          "en-GB": "британский английский",
          "en-GB-alt-short": "британский английский",
          "en-US": "американский английский",
          "en-US-alt-short": "американский английский",
          "enm": "среднеанглийский",
          "eo": "эсперанто",
          "es": "испанский",
          "es-419": "латиноамериканский испанский",
          "es-ES": "европейский испанский",
          "es-MX": "мексиканский испанский",
          "et": "эстонский",
          "eu": "баскский",
          "ewo": "эвондо",
          "fa": "персидский",
          "fan": "фанг",
          "fat": "фанти",
          "ff": "фулах",
          "fi": "финский",
          "fil": "филиппинский",
          "fj": "фиджи",
          "fo": "фарерский",
          "fon": "фон",
          "fr": "французский",
          "fr-CA": "канадский французский",
          "fr-CH": "швейцарский французский",
          "frm": "среднефранцузский",
          "fro": "старофранцузский",
          "frr": "северный фризский",
          "frs": "восточный фризский",
          "fur": "фриульский",
          "fy": "западный фризский",
          "ga": "ирландский",
          "gaa": "га",
          "gag": "гагаузский",
          "gan": "гань",
          "gay": "гайо",
          "gba": "гбая",
          "gd": "гэльский",
          "gez": "геэз",
          "gil": "гильбертский",
          "gl": "галисийский",
          "gmh": "средневерхненемецкий",
          "gn": "гуарани",
          "goh": "древневерхненемецкий",
          "gon": "гонди",
          "gor": "горонтало",
          "got": "готский",
          "grb": "гребо",
          "grc": "древнегреческий",
          "gsw": "швейцарский немецкий",
          "gu": "гуджарати",
          "guz": "гусии",
          "gv": "мэнский",
          "gwi": "гвичин",
          "ha": "хауса",
          "hai": "хайда",
          "hak": "хакка",
          "haw": "гавайский",
          "he": "иврит",
          "hi": "хинди",
          "hil": "хилигайнон",
          "hit": "хеттский",
          "hmn": "хмонг",
          "ho": "хиримоту",
          "hr": "хорватский",
          "hsb": "верхнелужицкий",
          "hsn": "сян",
          "ht": "гаитянский",
          "hu": "венгерский",
          "hup": "хупа",
          "hy": "армянский",
          "hz": "гереро",
          "ia": "интерлингва",
          "iba": "ибанский",
          "ibb": "ибибио",
          "id": "индонезийский",
          "ie": "интерлингве",
          "ig": "игбо",
          "ii": "носу",
          "ik": "инупиак",
          "ilo": "илоко",
          "inh": "ингушский",
          "io": "идо",
          "is": "исландский",
          "it": "итальянский",
          "iu": "инуктитут",
          "ja": "японский",
          "jbo": "ложбан",
          "jgo": "нгомба",
          "jmc": "мачаме",
          "jpr": "еврейско-персидский",
          "jrb": "еврейско-арабский",
          "jv": "яванский",
          "ka": "грузинский",
          "kaa": "каракалпакский",
          "kab": "кабильский",
          "kac": "качинский",
          "kaj": "каджи",
          "kam": "камба",
          "kaw": "кави",
          "kbd": "кабардинский",
          "kbl": "канембу",
          "kcg": "тьяп",
          "kde": "маконде",
          "kea": "кабувердьяну",
          "kfo": "коро",
          "kg": "конго",
          "kha": "кхаси",
          "kho": "хотанский",
          "khq": "койра чиини",
          "ki": "кикуйю",
          "kj": "кунама",
          "kk": "казахский",
          "kkj": "како",
          "kl": "гренландский",
          "kln": "календжин",
          "km": "кхмерский",
          "kmb": "кимбунду",
          "kn": "каннада",
          "ko": "корейский",
          "koi": "коми-пермяцкий",
          "kok": "конкани",
          "kos": "косраенский",
          "kpe": "кпелле",
          "kr": "канури",
          "krc": "карачаево-балкарский",
          "krl": "карельский",
          "kru": "курух",
          "ks": "кашмири",
          "ksb": "шамбала",
          "ksf": "бафия",
          "ksh": "кёльнский",
          "ku": "курдский",
          "kum": "кумыкский",
          "kut": "кутенаи",
          "kv": "коми",
          "kw": "корнский",
          "ky": "киргизский",
          "la": "латинский",
          "lad": "ладино",
          "lag": "ланго",
          "lah": "лахнда",
          "lam": "ламба",
          "lb": "люксембургский",
          "lez": "лезгинский",
          "lg": "ганда",
          "li": "лимбургский",
          "lkt": "лакота",
          "ln": "лингала",
          "lo": "лаосский",
          "lol": "монго",
          "loz": "лози",
          "lrc": "севернолурский",
          "lt": "литовский",
          "lu": "луба-катанга",
          "lua": "луба-лулуа",
          "lui": "луисеньо",
          "lun": "лунда",
          "luo": "луо",
          "lus": "лушей",
          "luy": "лухья",
          "lv": "латышский",
          "mad": "мадурский",
          "maf": "мафа",
          "mag": "магахи",
          "mai": "майтхили",
          "mak": "макассарский",
          "man": "мандинго",
          "mas": "масаи",
          "mde": "маба",
          "mdf": "мокшанский",
          "mdr": "мандарский",
          "men": "менде",
          "mer": "меру",
          "mfe": "маврикийский креольский",
          "mg": "малагасийский",
          "mga": "среднеирландский",
          "mgh": "макуа-меетто",
          "mgo": "мета",
          "mh": "маршалльский",
          "mi": "маори",
          "mic": "микмак",
          "min": "минангкабау",
          "mk": "македонский",
          "ml": "малаялам",
          "mn": "монгольский",
          "mnc": "маньчжурский",
          "mni": "манипурский",
          "moh": "мохаук",
          "mos": "моси",
          "mr": "маратхи",
          "ms": "малайский",
          "mt": "мальтийский",
          "mua": "мунданг",
          "mul": "языки разных семей",
          "mus": "крик",
          "mwl": "мирандский",
          "mwr": "марвари",
          "my": "бирманский",
          "mye": "миене",
          "myv": "эрзянский",
          "mzn": "мазендеранский",
          "na": "науру",
          "nan": "миньнань",
          "nap": "неаполитанский",
          "naq": "нама",
          "nb": "норвежский букмол",
          "nd": "северный ндебеле",
          "nds": "нижнегерманский",
          "nds-NL": "нижнесаксонский",
          "ne": "непальский",
          "new": "неварский",
          "ng": "ндонга",
          "nia": "ниас",
          "niu": "ниуэ",
          "nl": "нидерландский",
          "nl-BE": "фламандский",
          "nmg": "квасио",
          "nn": "нюнорск",
          "nnh": "нгиембунд",
          "no": "норвежский",
          "nog": "ногайский",
          "non": "старонорвежский",
          "nqo": "нко",
          "nr": "южный ндебеле",
          "nso": "северный сото",
          "nus": "нуэр",
          "nv": "навахо",
          "nwc": "классический невари",
          "ny": "ньянджа",
          "nym": "ньямвези",
          "nyn": "ньянколе",
          "nyo": "ньоро",
          "nzi": "нзима",
          "oc": "окситанский",
          "oj": "оджибва",
          "om": "оромо",
          "or": "ория",
          "os": "осетинский",
          "osa": "оседжи",
          "ota": "старотурецкий",
          "pa": "панджаби",
          "pag": "пангасинан",
          "pal": "пехлевийский",
          "pam": "пампанга",
          "pap": "папьяменто",
          "pau": "палау",
          "pcm": "нигерийско-креольский",
          "peo": "староперсидский",
          "phn": "финикийский",
          "pi": "пали",
          "pl": "польский",
          "pon": "понапе",
          "prg": "прусский",
          "pro": "старопровансальский",
          "ps": "пушту",
          "pt": "португальский",
          "pt-BR": "бразильский португальский",
          "pt-PT": "европейский португальский",
          "qu": "кечуа",
          "quc": "киче",
          "raj": "раджастхани",
          "rap": "рапануйский",
          "rar": "раротонга",
          "rm": "романшский",
          "rn": "рунди",
          "ro": "румынский",
          "ro-MD": "молдавский",
          "rof": "ромбо",
          "rom": "цыганский",
          "root": "корневой язык",
          "ru": "русский",
          "rup": "арумынский",
          "rw": "киньяруанда",
          "rwk": "руанда",
          "sa": "санскрит",
          "sad": "сандаве",
          "sah": "якутский",
          "sam": "самаритянский арамейский",
          "saq": "самбуру",
          "sas": "сасакский",
          "sat": "сантали",
          "sba": "нгамбайский",
          "sbp": "сангу",
          "sc": "сардинский",
          "scn": "сицилийский",
          "sco": "шотландский",
          "sd": "синдхи",
          "sdh": "южнокурдский",
          "se": "северносаамский",
          "see": "сенека",
          "seh": "сена",
          "sel": "селькупский",
          "ses": "койраборо сенни",
          "sg": "санго",
          "sga": "староирландский",
          "sh": "сербскохорватский",
          "shi": "ташельхит",
          "shn": "шанский",
          "shu": "чадский арабский",
          "si": "сингальский",
          "sid": "сидама",
          "sk": "словацкий",
          "sl": "словенский",
          "sm": "самоанский",
          "sma": "южносаамский",
          "smj": "луле-саамский",
          "smn": "инари-саамский",
          "sms": "колтта-саамский",
          "sn": "шона",
          "snk": "сонинке",
          "so": "сомали",
          "sog": "согдийский",
          "sq": "албанский",
          "sr": "сербский",
          "srn": "сранан-тонго",
          "srr": "серер",
          "ss": "свази",
          "ssy": "сахо",
          "st": "южный сото",
          "su": "сунданский",
          "suk": "сукума",
          "sus": "сусу",
          "sux": "шумерский",
          "sv": "шведский",
          "sw": "суахили",
          "sw-CD": "конголезский суахили",
          "swb": "коморский",
          "syc": "классический сирийский",
          "syr": "сирийский",
          "ta": "тамильский",
          "te": "телугу",
          "tem": "темне",
          "teo": "тесо",
          "ter": "терено",
          "tet": "тетум",
          "tg": "таджикский",
          "th": "тайский",
          "ti": "тигринья",
          "tig": "тигре",
          "tiv": "тиви",
          "tk": "туркменский",
          "tkl": "токелайский",
          "tl": "тагалог",
          "tlh": "клингонский",
          "tli": "тлингит",
          "tmh": "тамашек",
          "tn": "тсвана",
          "to": "тонганский",
          "tog": "тонга",
          "tpi": "ток-писин",
          "tr": "турецкий",
          "tru": "туройо",
          "trv": "седекский",
          "ts": "тсонга",
          "tsi": "цимшиан",
          "tt": "татарский",
          "tum": "тумбука",
          "tvl": "тувалу",
          "tw": "тви",
          "twq": "тасавак",
          "ty": "таитянский",
          "tyv": "тувинский",
          "tzm": "среднеатласский тамазигхтский",
          "udm": "удмуртский",
          "ug": "уйгурский",
          "uga": "угаритский",
          "uk": "украинский",
          "umb": "умбунду",
          "und": "неизвестный язык",
          "ur": "урду",
          "uz": "узбекский",
          "vai": "ваи",
          "ve": "венда",
          "vi": "вьетнамский",
          "vo": "волапюк",
          "vot": "водский",
          "vun": "вунджо",
          "wa": "валлонский",
          "wae": "валлисский",
          "wal": "воламо",
          "war": "варай",
          "was": "вашо",
          "wbp": "вальбири",
          "wo": "волоф",
          "wuu": "ву",
          "xal": "калмыцкий",
          "xh": "коса",
          "xog": "сога",
          "yao": "яо",
          "yap": "яп",
          "yav": "янгбен",
          "ybb": "йемба",
          "yi": "идиш",
          "yo": "йоруба",
          "yue": "кантонский",
          "za": "чжуань",
          "zap": "сапотекский",
          "zbl": "блиссимволика",
          "zen": "зенагский",
          "zgh": "тамазигхтский",
          "zh": "китайский",
          "zh-Hans": "китайский, упрощенное письмо",
          "zh-Hant": "китайский, традиционное письмо",
          "zu": "зулу",
          "zun": "зуньи",
          "zxx": "нет языкового материала",
          "zza": "заза"
        }
      }
    }
  }
}
