{
  "main": {
    "ru": {
      "identity": {
        "version": {
          "_number": "$Revision: 12920 $",
          "_cldrVersion": "30.0.2"
        },
        "language": "ru"
      },
      "listPatterns": {
        "listPattern-type-standard": {
          "start": "{0}, {1}",
          "middle": "{0}, {1}",
          "end": "{0} и {1}",
          "2": "{0} и {1}"
        },
        "listPattern-type-standard-short": {
          "start": "{0}, {1}",
          "middle": "{0}, {1}",
          "end": "{0} и {1}",
          "2": "{0} и {1}"
        },
        "listPattern-type-unit": {
          "start": "{0} {1}",
          "middle": "{0} {1}",
          "end": "{0} и {1}",
          "2": "{0} и {1}"
        },
        "listPattern-type-unit-narrow": {
          "start": "{0} {1}",
          "middle": "{0} {1}",
          "end": "{0} {1}",
          "2": "{0} {1}"
        },
        "listPattern-type-unit-short": {
          "start": "{0} {1}",
          "middle": "{0} {1}",
          "end": "{0} и {1}",
          "2": "{0} и {1}"
        }
      }
    }
  }
}
