{
  "main": {
    "ru": {
      "identity": {
        "version": {
          "_number": "$Revision: 12920 $",
          "_cldrVersion": "30.0.2"
        },
        "language": "ru"
      },
      "localeDisplayNames": {
        "localeDisplayPattern": {
          "localePattern": "{0} ({1})",
          "localeSeparator": "{0}, {1}",
          "localeKeyTypePattern": "{0}: {1}"
        },
        "keys": {
          "calendar": "календарь",
          "cf": "формат валюты",
          "colAlternate": "Игнорировать символы при сортировке",
          "colBackwards": "Обратная сортировка по акценту",
          "colCaseFirst": "Сортировка по верхнему или нижнему регистру",
          "colCaseLevel": "Сортировка с учетом регистра",
          "collation": "порядок сортировки",
          "colNormalization": "Нормализованная сортировка",
          "colNumeric": "Сортировка чисел",
          "colStrength": "Эффективность сортировки",
          "currency": "валюта",
          "hc": "формат времени (12 или 24)",
          "lb": "стиль перевода строки",
          "ms": "система мер",
          "numbers": "цифры",
          "timezone": "Часовой пояс",
          "va": "Вариант региональных настроек",
          "x": "Частное"
        },
        "types": {
          "calendar": {
            "buddhist": "буддийский календарь",
            "chinese": "китайский календарь",
            "coptic": "Коптский календарь",
            "dangi": "календарь данги",
            "ethiopic": "эфиопский календарь",
            "ethiopic-amete-alem": "Эфиопский календарь \\\"Амете Алем\\\"",
            "gregorian": "григорианский календарь",
            "hebrew": "еврейский календарь",
            "indian": "Национальный календарь Индии",
            "islamic": "исламский календарь",
            "islamic-civil": "Исламский гражданский календарь",
            "islamic-rgsa": "исламский календарь (Саудовская Аравия)",
            "islamic-tbla": "исламский календарь (табличный, астрономическая эпоха)",
            "islamic-umalqura": "исламский календарь (Умм аль-Кура)",
            "iso8601": "календарь ISO-8601",
            "japanese": "японский календарь",
            "persian": "персидский календарь",
            "roc": "календарь Миньго"
          },
          "cf": {
            "account": "финансовый формат",
            "standard": "стандартный формат"
          },
          "colAlternate": {
            "non-ignorable": "Сортировка символов",
            "shifted": "Сортировка без учета символов"
          },
          "colBackwards": {
            "no": "Сортировка по акцентам в обычном порядке",
            "yes": "Сортировка по акцентам в обратном порядке"
          },
          "colCaseFirst": {
            "lower": "Приоритетная сортировка слов в нижнем регистре",
            "no": "Сортировка по стандартным правилам",
            "upper": "Приоритетная сортировка слов в верхнем регистре"
          },
          "colCaseLevel": {
            "no": "Сортировка вне зависимости от регистра",
            "yes": "Сортировка с учетом регистра"
          },
          "collation": {
            "big5han": "Сортировка традиционного китайского языка – Big5",
            "compat": "compat",
            "dictionary": "словарный порядок сортировки",
            "ducet": "cтандартная сортировка Unicode",
            "emoji": "emoji",
            "eor": "европейские правила сортировки",
            "gb2312han": "упрощенный китайский - GB2312",
            "phonebook": "порядок телефонной книги",
            "phonetic": "Фонетический порядок сортировки",
            "pinyin": "пиньинь",
            "reformed": "реформированный порядок сортировки",
            "search": "поиск",
            "searchjl": "Поиск по первой согласной хангыль",
            "standard": "стандартная сортировка",
            "stroke": "по чертам",
            "traditional": "традиционный порядок",
            "unihan": "сортировка по ключам, затем по чертам",
            "zhuyin": "чжуинь"
          },
          "colNormalization": {
            "no": "Сортировка без нормализации",
            "yes": "Сортировка нормализованных символов Unicode"
          },
          "colNumeric": {
            "no": "Отдельная сортировка числовых значений",
            "yes": "Сортировка численных значений"
          },
          "colStrength": {
            "identical": "Полная сортировка",
            "primary": "Сортировка только по символам, обозначающим разрядность",
            "quaternary": "Сортировка по акцентам/регистрам/длине строки/кане",
            "secondary": "Сортировка по акцентам",
            "tertiary": "Сортировка по акцентам/регистру/длине строки"
          },
          "d0": {
            "fwidth": "Широкие символы",
            "hwidth": "Краткий формат",
            "npinyin": "Числовая"
          },
          "hc": {
            "h11": "12-часовой формат времени (0-11)",
            "h12": "12-часовой формат времени (1-12)",
            "h23": "24-часовой формат времени (0-23)",
            "h24": "24-часовой формат времени (1-24)"
          },
          "lb": {
            "loose": "мягкий перевод строки",
            "normal": "обычный перевод строки",
            "strict": "жесткий перевод строки"
          },
          "m0": {
            "bgn": "Палата географических названий США",
            "ungegn": "Группа экспертов ООН по географическим названиям"
          },
          "ms": {
            "metric": "метрическая система",
            "uksystem": "британская система мер",
            "ussystem": "американская система мер"
          },
          "numbers": {
            "ahom": "ahom",
            "arab": "арабско-индийские цифры",
            "arabext": "расширенная система арабско-индийских цифр",
            "armn": "армянские цифры",
            "armnlow": "армянские цифры в нижнем регистре",
            "bali": "балийские цифры",
            "beng": "бенгальские цифры",
            "brah": "цифры брахми",
            "cakm": "цифры чакма",
            "cham": "чамские цифры",
            "cyrl": "cyrl",
            "deva": "цифры деванагари",
            "ethi": "эфиопские цифры",
            "finance": "Символы обозначения финансовых показателей",
            "fullwide": "полноширинные цифры",
            "geor": "грузинские цифры",
            "grek": "греческие цифры",
            "greklow": "греческие цифры в нижнем регистре",
            "gujr": "цифры гуджарати",
            "guru": "цифры гурмукхи",
            "hanidec": "китайские десятичные цифры",
            "hans": "китайские упрощенные цифры",
            "hansfin": "китайские упрощенные цифры (финансы)",
            "hant": "китайские традиционные цифры",
            "hantfin": "китайские традиционные цифры (финансы)",
            "hebr": "цифры на иврите",
            "hmng": "hmng",
            "java": "яванские цифры",
            "jpan": "японские цифры",
            "jpanfin": "японские цифры (финансы)",
            "kali": "цифры кайя ли",
            "khmr": "кхмерские цифры",
            "knda": "цифры каннада",
            "lana": "цифры тай там хора",
            "lanatham": "цифры тай там там",
            "laoo": "лаосские цифры",
            "latn": "современные арабские цифры",
            "lepc": "цифры лепча",
            "limb": "цифры лимбу",
            "mathbold": "mathbold",
            "mathdbl": "mathdbl",
            "mathmono": "mathmono",
            "mathsanb": "mathsanb",
            "mathsans": "mathsans",
            "mlym": "цифры малаялам",
            "modi": "modi",
            "mong": "Монгольские цифры",
            "mroo": "mroo",
            "mtei": "цифры манипури",
            "mymr": "бирманские цифры",
            "mymrshan": "бирманские шанские цифры",
            "mymrtlng": "mymrtlng",
            "native": "Обозначения цифр коренного населения",
            "nkoo": "цифры нко",
            "olck": "цифры ол-чики",
            "orya": "цифры ория",
            "osma": "цифры османья",
            "roman": "римские цифры",
            "romanlow": "римские цифры в нижнем регистре",
            "saur": "цифры саураштра",
            "shrd": "цифры шарада",
            "sind": "sind",
            "sinh": "sinh",
            "sora": "цифры сора-сомпенг",
            "sund": "суданские цифры",
            "takr": "цифры такри",
            "talu": "цифры новой тай-лю",
            "taml": "тамильские традиционные цифры",
            "tamldec": "тамильские цифры",
            "telu": "цифры телугу",
            "thai": "тайские цифры",
            "tibt": "тибетские цифры",
            "tirh": "tirh",
            "traditional": "Традиционная система нумерации",
            "vaii": "Цифры языка вай",
            "wara": "wara"
          }
        },
        "codePatterns": {
          "language": "Язык: {0}",
          "script": "Письменность: {0}",
          "territory": "Регион: {0}"
        }
      }
    }
  }
}
