{
  "main": {
    "ru": {
      "identity": {
        "version": {
          "_number": "$Revision: 12920 $",
          "_cldrVersion": "30.0.2"
        },
        "language": "ru"
      },
      "localeDisplayNames": {
        "scripts": {
          "Adlm": "Adlm",
          "Afak": "афака",
          "Aghb": "Aghb",
          "Ahom": "Ahom",
          "Arab": "арабица",
          "Arab-alt-variant": "персидско-арабская",
          "Armi": "арамейская",
          "Armn": "армянская",
          "Avst": "авестийская",
          "Bali": "балийская",
          "Bamu": "бамум",
          "Bass": "басса (вах)",
          "Batk": "батакская",
          "Beng": "бенгальская",
          "Bhks": "Bhks",
          "Blis": "блиссимволика",
          "Bopo": "бопомофо",
          "Brah": "брахми",
          "Brai": "Брайля",
          "Bugi": "бугинизийская",
          "Buhd": "бухид",
          "Cakm": "чакмийская",
          "Cans": "канадское слоговое письмо",
          "Cari": "карийская",
          "Cham": "чамская",
          "Cher": "чероки",
          "Cirt": "кирт",
          "Copt": "коптская",
          "Cprt": "кипрская",
          "Cyrl": "кириллица",
          "Cyrs": "старославянская",
          "Deva": "деванагари",
          "Dsrt": "дезерет",
          "Dupl": "дуплоянская скоропись",
          "Egyd": "египетская демотическая",
          "Egyh": "египетская иератическая",
          "Egyp": "египетская иероглифическая",
          "Elba": "Elba",
          "Ethi": "эфиопская",
          "Geok": "грузинская хуцури",
          "Geor": "грузинская",
          "Glag": "глаголица",
          "Goth": "готская",
          "Gran": "грантха",
          "Grek": "греческая",
          "Gujr": "гуджарати",
          "Guru": "гурмукхи",
          "Hanb": "ханьб",
          "Hang": "хангыль",
          "Hani": "китайская",
          "Hano": "хануну",
          "Hans": "упрощенная китайская",
          "Hans-alt-stand-alone": "упрощенная китайская",
          "Hant": "традиционная китайская",
          "Hant-alt-stand-alone": "традиционная китайская",
          "Hatr": "Hatr",
          "Hebr": "еврейская",
          "Hira": "хирагана",
          "Hluw": "лувийские иероглифы",
          "Hmng": "пахау хмонг",
          "Hrkt": "катакана или хирагана",
          "Hung": "старовенгерская",
          "Inds": "хараппская (письменность долины Инда)",
          "Ital": "староитальянская",
          "Jamo": "джамо",
          "Java": "яванская",
          "Jpan": "японская",
          "Jurc": "чжурчжэньская",
          "Kali": "кайа",
          "Kana": "катакана",
          "Khar": "кхароштхи",
          "Khmr": "кхмерская",
          "Khoj": "ходжики",
          "Knda": "каннада",
          "Kore": "корейская",
          "Kpel": "кпелле",
          "Kthi": "кайтхи",
          "Lana": "ланна",
          "Laoo": "лаосская",
          "Latf": "латинская фрактура",
          "Latg": "гэльская латинская",
          "Latn": "латиница",
          "Lepc": "лепха",
          "Limb": "лимбу",
          "Lina": "линейное письмо А",
          "Linb": "линейное письмо Б",
          "Lisu": "лису",
          "Loma": "лома",
          "Lyci": "лициан",
          "Lydi": "лидийская",
          "Mahj": "Mahj",
          "Mand": "мандейская",
          "Mani": "манихейская",
          "Marc": "Marc",
          "Maya": "майя",
          "Mend": "менде",
          "Merc": "мероитская курсивная",
          "Mero": "мероитская",
          "Mlym": "малаялам",
          "Modi": "Modi",
          "Mong": "монгольская",
          "Moon": "азбука муна",
          "Mroo": "мро",
          "Mtei": "манипури",
          "Mult": "Mult",
          "Mymr": "мьянманская",
          "Narb": "северноаравийское",
          "Nbat": "набатейская",
          "Newa": "Newa",
          "Nkgb": "наси геба",
          "Nkoo": "нко",
          "Nshu": "нюй-шу",
          "Ogam": "огамическая",
          "Olck": "ол чики",
          "Orkh": "орхоно-енисейская",
          "Orya": "ория",
          "Osge": "Osge",
          "Osma": "османская",
          "Palm": "пальмиры",
          "Pauc": "Pauc",
          "Perm": "древнепермская",
          "Phag": "пагспа",
          "Phli": "пехлевийская",
          "Phlp": "пахлави псалтирная",
          "Phlv": "пахлави книжная",
          "Phnx": "финикийская",
          "Plrd": "поллардовская фонетика",
          "Prti": "парфянская",
          "Rjng": "реджангская",
          "Roro": "ронго-ронго",
          "Runr": "руническая",
          "Samr": "самаритянская",
          "Sara": "сарати",
          "Sarb": "староюжноарабская",
          "Saur": "саураштра",
          "Sgnw": "язык знаков",
          "Shaw": "алфавит Шоу",
          "Shrd": "шарада",
          "Sidd": "Sidd",
          "Sind": "кхудавади",
          "Sinh": "сингальская",
          "Sora": "сора-сонпенг",
          "Sund": "сунданская",
          "Sylo": "силоти нагри",
          "Syrc": "сирийская",
          "Syre": "сирийская эстрангело",
          "Syrj": "западносирийская",
          "Syrn": "восточно-сирийская",
          "Tagb": "тагбанва",
          "Takr": "такри",
          "Tale": "тайский ле",
          "Talu": "новый тайский ле",
          "Taml": "тамильская",
          "Tang": "тангутское меня",
          "Tavt": "тай-вьет",
          "Telu": "телугу",
          "Teng": "тенгварская",
          "Tfng": "древнеливийская",
          "Tglg": "тагалог",
          "Thaa": "тана",
          "Thai": "тайская",
          "Tibt": "тибетская",
          "Tirh": "тирхута",
          "Ugar": "угаритская",
          "Vaii": "вайская",
          "Visp": "видимая речь",
          "Wara": "варанг-кшити",
          "Wole": "волеаи",
          "Xpeo": "староперсидская",
          "Xsux": "шумеро-аккадская клинопись",
          "Yiii": "и",
          "Zinh": "унаследованная",
          "Zmth": "математические обозначения",
          "Zsye": "эмодзи",
          "Zsym": "символы",
          "Zxxx": "бесписьменный",
          "Zyyy": "общепринятая",
          "Zzzz": "неизвестная письменность"
        }
      }
    }
  }
}
