{
  "main": {
    "ru": {
      "identity": {
        "version": {
          "_number": "$Revision: 12920 $",
          "_cldrVersion": "30.0.2"
        },
        "language": "ru"
      },
      "localeDisplayNames": {
        "territories": {
          "001": "Мир",
          "002": "Африка",
          "003": "Северная Америка",
          "005": "Южная Америка",
          "009": "Океания",
          "011": "Западная Африка",
          "013": "Центральная Америка",
          "014": "Восточная Африка",
          "015": "Северная Африка",
          "017": "Центральная Африка",
          "018": "Южная Африка",
          "019": "Америка",
          "021": "Северная Америка – США и Канада",
          "029": "Карибы",
          "030": "Восточная Азия",
          "034": "Южная Азия",
          "035": "Юго-Восточная Азия",
          "039": "Южная Европа",
          "053": "Австралазия",
          "054": "Меланезия",
          "057": "Микронезия",
          "061": "Полинезия",
          "142": "Азия",
          "143": "Центральная Азия",
          "145": "Западная Азия",
          "150": "Европа",
          "151": "Восточная Европа",
          "154": "Северная Европа",
          "155": "Западная Европа",
          "419": "Латинская Америка",
          "AC": "о-в Вознесения",
          "AD": "Андорра",
          "AE": "ОАЭ",
          "AF": "Афганистан",
          "AG": "Антигуа и Барбуда",
          "AI": "Ангилья",
          "AL": "Албания",
          "AM": "Армения",
          "AO": "Ангола",
          "AQ": "Антарктида",
          "AR": "Аргентина",
          "AS": "Американское Самоа",
          "AT": "Австрия",
          "AU": "Австралия",
          "AW": "Аруба",
          "AX": "Аландские о-ва",
          "AZ": "Азербайджан",
          "BA": "Босния и Герцеговина",
          "BB": "Барбадос",
          "BD": "Бангладеш",
          "BE": "Бельгия",
          "BF": "Буркина-Фасо",
          "BG": "Болгария",
          "BH": "Бахрейн",
          "BI": "Бурунди",
          "BJ": "Бенин",
          "BL": "Сен-Бартелеми",
          "BM": "Бермуды",
          "BN": "Бруней-Даруссалам",
          "BO": "Боливия",
          "BQ": "Бонэйр, Синт-Эстатиус и Саба",
          "BR": "Бразилия",
          "BS": "Багамы",
          "BT": "Бутан",
          "BV": "о-в Буве",
          "BW": "Ботсвана",
          "BY": "Беларусь",
          "BZ": "Белиз",
          "CA": "Канада",
          "CC": "Кокосовые о-ва",
          "CD": "Конго - Киншаса",
          "CD-alt-variant": "Конго (ДРК)",
          "CF": "ЦАР",
          "CG": "Конго - Браззавиль",
          "CG-alt-variant": "Республика Конго",
          "CH": "Швейцария",
          "CI": "Кот-д’Ивуар",
          "CI-alt-variant": "Берег Слоновой Кости",
          "CK": "Острова Кука",
          "CL": "Чили",
          "CM": "Камерун",
          "CN": "Китай",
          "CO": "Колумбия",
          "CP": "о-в Клиппертон",
          "CR": "Коста-Рика",
          "CU": "Куба",
          "CV": "Кабо-Верде",
          "CW": "Кюрасао",
          "CX": "о-в Рождества",
          "CY": "Кипр",
          "CZ": "Чехия",
          "CZ-alt-variant": "CZ",
          "DE": "Германия",
          "DG": "Диего-Гарсия",
          "DJ": "Джибути",
          "DK": "Дания",
          "DM": "Доминика",
          "DO": "Доминиканская Республика",
          "DZ": "Алжир",
          "EA": "Сеута и Мелилья",
          "EC": "Эквадор",
          "EE": "Эстония",
          "EG": "Египет",
          "EH": "Западная Сахара",
          "ER": "Эритрея",
          "ES": "Испания",
          "ET": "Эфиопия",
          "EU": "Европейский союз",
          "EZ": "EZ",
          "FI": "Финляндия",
          "FJ": "Фиджи",
          "FK": "Фолклендские о-ва",
          "FK-alt-variant": "Фолклендские (Мальвинские) о-ва",
          "FM": "Федеративные Штаты Микронезии",
          "FO": "Фарерские о-ва",
          "FR": "Франция",
          "GA": "Габон",
          "GB": "Великобритания",
          "GB-alt-short": "Британия",
          "GD": "Гренада",
          "GE": "Грузия",
          "GF": "Французская Гвиана",
          "GG": "Гернси",
          "GH": "Гана",
          "GI": "Гибралтар",
          "GL": "Гренландия",
          "GM": "Гамбия",
          "GN": "Гвинея",
          "GP": "Гваделупа",
          "GQ": "Экваториальная Гвинея",
          "GR": "Греция",
          "GS": "Южная Георгия и Южные Сандвичевы о-ва",
          "GT": "Гватемала",
          "GU": "Гуам",
          "GW": "Гвинея-Бисау",
          "GY": "Гайана",
          "HK": "Гонконг (специальный административный район)",
          "HK-alt-short": "Гонконг",
          "HM": "о-ва Херд и Макдональд",
          "HN": "Гондурас",
          "HR": "Хорватия",
          "HT": "Гаити",
          "HU": "Венгрия",
          "IC": "Канарские о-ва",
          "ID": "Индонезия",
          "IE": "Ирландия",
          "IL": "Израиль",
          "IM": "о-в Мэн",
          "IN": "Индия",
          "IO": "Британская территория в Индийском океане",
          "IQ": "Ирак",
          "IR": "Иран",
          "IS": "Исландия",
          "IT": "Италия",
          "JE": "Джерси",
          "JM": "Ямайка",
          "JO": "Иордания",
          "JP": "Япония",
          "KE": "Кения",
          "KG": "Киргизия",
          "KH": "Камбоджа",
          "KI": "Кирибати",
          "KM": "Коморы",
          "KN": "Сент-Китс и Невис",
          "KP": "КНДР",
          "KR": "Республика Корея",
          "KW": "Кувейт",
          "KY": "Каймановы о-ва",
          "KZ": "Казахстан",
          "LA": "Лаос",
          "LB": "Ливан",
          "LC": "Сент-Люсия",
          "LI": "Лихтенштейн",
          "LK": "Шри-Ланка",
          "LR": "Либерия",
          "LS": "Лесото",
          "LT": "Литва",
          "LU": "Люксембург",
          "LV": "Латвия",
          "LY": "Ливия",
          "MA": "Марокко",
          "MC": "Монако",
          "MD": "Молдова",
          "ME": "Черногория",
          "MF": "Сен-Мартен",
          "MG": "Мадагаскар",
          "MH": "Маршалловы Острова",
          "MK": "Македония",
          "MK-alt-variant": "Македония (БЮРМ)",
          "ML": "Мали",
          "MM": "Мьянма (Бирма)",
          "MN": "Монголия",
          "MO": "Макао (специальный административный район)",
          "MO-alt-short": "Макао",
          "MP": "Северные Марианские о-ва",
          "MQ": "Мартиника",
          "MR": "Мавритания",
          "MS": "Монтсеррат",
          "MT": "Мальта",
          "MU": "Маврикий",
          "MV": "Мальдивы",
          "MW": "Малави",
          "MX": "Мексика",
          "MY": "Малайзия",
          "MZ": "Мозамбик",
          "NA": "Намибия",
          "NC": "Новая Каледония",
          "NE": "Нигер",
          "NF": "о-в Норфолк",
          "NG": "Нигерия",
          "NI": "Никарагуа",
          "NL": "Нидерланды",
          "NO": "Норвегия",
          "NP": "Непал",
          "NR": "Науру",
          "NU": "Ниуэ",
          "NZ": "Новая Зеландия",
          "OM": "Оман",
          "PA": "Панама",
          "PE": "Перу",
          "PF": "Французская Полинезия",
          "PG": "Папуа – Новая Гвинея",
          "PH": "Филиппины",
          "PK": "Пакистан",
          "PL": "Польша",
          "PM": "Сен-Пьер и Микелон",
          "PN": "острова Питкэрн",
          "PR": "Пуэрто-Рико",
          "PS": "Палестинские территории",
          "PS-alt-short": "Палестина",
          "PT": "Португалия",
          "PW": "Палау",
          "PY": "Парагвай",
          "QA": "Катар",
          "QO": "Внешняя Океания",
          "RE": "Реюньон",
          "RO": "Румыния",
          "RS": "Сербия",
          "RU": "Россия",
          "RW": "Руанда",
          "SA": "Саудовская Аравия",
          "SB": "Соломоновы Острова",
          "SC": "Сейшельские Острова",
          "SD": "Судан",
          "SE": "Швеция",
          "SG": "Сингапур",
          "SH": "о-в Св. Елены",
          "SI": "Словения",
          "SJ": "Шпицберген и Ян-Майен",
          "SK": "Словакия",
          "SL": "Сьерра-Леоне",
          "SM": "Сан-Марино",
          "SN": "Сенегал",
          "SO": "Сомали",
          "SR": "Суринам",
          "SS": "Южный Судан",
          "ST": "Сан-Томе и Принсипи",
          "SV": "Сальвадор",
          "SX": "Синт-Мартен",
          "SY": "Сирия",
          "SZ": "Свазиленд",
          "TA": "Тристан-да-Кунья",
          "TC": "о-ва Тёркс и Кайкос",
          "TD": "Чад",
          "TF": "Французские Южные территории",
          "TG": "Того",
          "TH": "Таиланд",
          "TJ": "Таджикистан",
          "TK": "Токелау",
          "TL": "Восточный Тимор",
          "TL-alt-variant": "Тимор-Лесте",
          "TM": "Туркменистан",
          "TN": "Тунис",
          "TO": "Тонга",
          "TR": "Турция",
          "TT": "Тринидад и Тобаго",
          "TV": "Тувалу",
          "TW": "Тайвань",
          "TZ": "Танзания",
          "UA": "Украина",
          "UG": "Уганда",
          "UM": "Внешние малые о-ва (США)",
          "UN": "Организация Объединенных Наций",
          "UN-alt-short": "ООН",
          "US": "Соединенные Штаты",
          "US-alt-short": "США",
          "UY": "Уругвай",
          "UZ": "Узбекистан",
          "VA": "Ватикан",
          "VC": "Сент-Винсент и Гренадины",
          "VE": "Венесуэла",
          "VG": "Виргинские о-ва (Британские)",
          "VI": "Виргинские о-ва (США)",
          "VN": "Вьетнам",
          "VU": "Вануату",
          "WF": "Уоллис и Футуна",
          "WS": "Самоа",
          "XK": "Косово",
          "YE": "Йемен",
          "YT": "Майотта",
          "ZA": "ЮАР",
          "ZM": "Замбия",
          "ZW": "Зимбабве",
          "ZZ": "Неизвестный регион"
        }
      }
    }
  }
}
