{
  "main": {
    "ru": {
      "identity": {
        "version": {
          "_number": "$Revision: 12920 $",
          "_cldrVersion": "30.0.2"
        },
        "language": "ru"
      },
      "localeDisplayNames": {
        "variants": {
          "1901": "Традиционная немецкая орфография",
          "1994": "Стандартизированная резьянская орфография",
          "1996": "Правила немецкой орфографии установленные с 1996 года",
          "1606NICT": "Поздне-средневековый французский до 1606 г.",
          "1694ACAD": "1694ACAD",
          "1959ACAD": "1959ACAD",
          "ABL1943": "ABL1943",
          "ALALC97": "ALALC97",
          "ALUKU": "ALUKU",
          "AO1990": "AO1990",
          "AREVELA": "Восточно-армянский",
          "AREVMDA": "Западно-армянский",
          "BAKU1926": "Унифицированный тюрско-латинский алфавит",
          "BALANKA": "BALANKA",
          "BARLA": "BARLA",
          "BASICENG": "BASICENG",
          "BAUDDHA": "BAUDDHA",
          "BISCAYAN": "BISCAYAN",
          "BISKE": "BISKE",
          "BOHORIC": "BOHORIC",
          "BOONT": "BOONT",
          "COLB1945": "COLB1945",
          "CORNU": "CORNU",
          "DAJNKO": "DAJNKO",
          "EKAVSK": "EKAVSK",
          "EMODENG": "EMODENG",
          "FONIPA": "Международный фонетический алфавит",
          "FONNAPA": "FONNAPA",
          "FONUPA": "FONUPA",
          "FONXSAMP": "FONXSAMP",
          "HEPBURN": "HEPBURN",
          "HOGNORSK": "HOGNORSK",
          "IJEKAVSK": "IJEKAVSK",
          "ITIHASA": "ITIHASA",
          "JAUER": "JAUER",
          "JYUTPING": "JYUTPING",
          "KKCOR": "KKCOR",
          "KOCIEWIE": "KOCIEWIE",
          "KSCOR": "KSCOR",
          "LAUKIKA": "LAUKIKA",
          "LIPAW": "LIPAW",
          "LUNA1918": "LUNA1918",
          "METELKO": "METELKO",
          "MONOTON": "Монотонный",
          "NDYUKA": "NDYUKA",
          "NEDIS": "NEDIS",
          "NEWFOUND": "NEWFOUND",
          "NJIVA": "NJIVA",
          "NULIK": "NULIK",
          "OSOJS": "OSOJS",
          "OXENDICT": "OXENDICT",
          "PAMAKA": "PAMAKA",
          "PETR1708": "PETR1708",
          "PINYIN": "Пиньинь",
          "POLYTON": "Многотональный",
          "POSIX": "Компьютерный",
          "PUTER": "PUTER",
          "REVISED": "REVISED",
          "RIGIK": "RIGIK",
          "ROZAJ": "Резьянский",
          "RUMGR": "RUMGR",
          "SAAHO": "Сахо",
          "SCOTLAND": "Англо-шотландский",
          "SCOUSE": "SCOUSE",
          "SIMPLE": "SIMPLE",
          "SOLBA": "SOLBA",
          "SOTAV": "SOTAV",
          "SURMIRAN": "SURMIRAN",
          "SURSILV": "SURSILV",
          "SUTSILV": "SUTSILV",
          "TARASK": "Тарашкевица",
          "UCCOR": "UCCOR",
          "UCRCOR": "UCRCOR",
          "ULSTER": "ULSTER",
          "UNIFON": "UNIFON",
          "VAIDIKA": "VAIDIKA",
          "VALENCIA": "Валенсийский",
          "VALLADER": "VALLADER",
          "WADEGILE": "Система Уэйда – Джайлза"
        }
      }
    }
  }
}
