{
  "supplemental": {
    "version": {
      "_number": "$Revision: 11914 $",
      "_unicodeVersion": "9.0.0",
      "_cldrVersion": "30.0.2"
    },
    "characters": {
      "character-fallback": {
        "U+00AD": [
          {
            "substitute": "-"
          }
        ],
        "U+FF9E": [
          {
            "substitute": "゛"
          }
        ],
        "U+FF9F": [
          {
            "substitute": "゜"
          }
        ],
        "U+3000": [
          {
            "substitute": "  "
          }
        ],
        "U+2010": [
          {
            "substitute": "-"
          }
        ],
        "U+2011": [
          {
            "substitute": "-"
          }
        ],
        "U+2012": [
          {
            "substitute": "-"
          }
        ],
        "U+2013": [
          {
            "substitute": "-"
          }
        ],
        "U+2014": [
          {
            "substitute": "-"
          }
        ],
        "U+2015": [
          {
            "substitute": "—"
          },
          {
            "substitute": "-"
          }
        ],
        "U+066B": [
          {
            "substitute": ","
          }
        ],
        "U+066C": [
          {
            "substitute": "'"
          }
        ],
        "U+2018": [
          {
            "substitute": "'"
          }
        ],
        "U+2019": [
          {
            "substitute": "'"
          }
        ],
        "U+201A": [
          {
            "substitute": ","
          }
        ],
        "U+201B": [
          {
            "substitute": "'"
          }
        ],
        "U+201C": [
          {
            "substitute": "\\\""
          }
        ],
        "U+201D": [
          {
            "substitute": "\\\""
          }
        ],
        "U+201E": [
          {
            "substitute": ",,"
          }
        ],
        "U+201F": [
          {
            "substitute": "\\\""
          }
        ],
        "U+00AB": [
          {
            "substitute": "<<"
          }
        ],
        "U+00BB": [
          {
            "substitute": ">>"
          }
        ],
        "U+FF5F": [
          {
            "substitute": "(("
          }
        ],
        "U+FF60": [
          {
            "substitute": "))"
          }
        ],
        "U+2022": [
          {
            "substitute": "·"
          }
        ],
        "U+2027": [
          {
            "substitute": "·"
          }
        ],
        "U+05BE": [
          {
            "substitute": "‐"
          },
          {
            "substitute": "-"
          }
        ],
        "U+05F3": [
          {
            "substitute": "'"
          }
        ],
        "U+05F4": [
          {
            "substitute": "\\\""
          }
        ],
        "U+FFE3": [
          {
            "substitute": "¯"
          }
        ],
        "U+00A9": [
          {
            "substitute": "(C)"
          }
        ],
        "U+00AE": [
          {
            "substitute": "(R)"
          }
        ],
        "U+211E": [
          {
            "substitute": "Rx"
          }
        ],
        "U+220F": [
          {
            "substitute": "Π"
          }
        ],
        "U+2211": [
          {
            "substitute": "Σ"
          }
        ],
        "U+2212": [
          {
            "substitute": "-"
          }
        ],
        "U+2215": [
          {
            "substitute": "/"
          }
        ],
        "U+2044": [
          {
            "substitute": "/"
          }
        ],
        "U+2216": [
          {
            "substitute": "\\\\"
          }
        ],
        "U+2223": [
          {
            "substitute": "|"
          }
        ],
        "U+2225": [
          {
            "substitute": "‖"
          },
          {
            "substitute": "||"
          }
        ],
        "U+058F": [
          {
            "substitute": "AMD"
          }
        ],
        "U+060B": [
          {
            "substitute": "AFN"
          }
        ],
        "U+09F3": [
          {
            "substitute": "BDT"
          }
        ],
        "U+0E3F": [
          {
            "substitute": "THB"
          }
        ],
        "U+17DB": [
          {
            "substitute": "KHR"
          }
        ],
        "U+20A0": [
          {
            "substitute": "CE"
          }
        ],
        "U+20A1": [
          {
            "substitute": "CRC"
          }
        ],
        "U+20A2": [
          {
            "substitute": "Cr"
          }
        ],
        "U+20A3": [
          {
            "substitute": "Fr."
          }
        ],
        "U+20A4": [
          {
            "substitute": "L."
          },
          {
            "substitute": "£"
          }
        ],
        "U+20A6": [
          {
            "substitute": "NGN"
          }
        ],
        "U+20A7": [
          {
            "substitute": "Pts"
          }
        ],
        "U+20A9": [
          {
            "substitute": "KRW"
          }
        ],
        "U+FFE6": [
          {
            "substitute": "KRW"
          }
        ],
        "U+20AA": [
          {
            "substitute": "שח"
          },
          {
            "substitute": "ILS"
          }
        ],
        "U+20AB": [
          {
            "substitute": "đ"
          },
          {
            "substitute": "VND"
          }
        ],
        "U+20AC": [
          {
            "substitute": "EUR"
          }
        ],
        "U+20AD": [
          {
            "substitute": "LAK"
          }
        ],
        "U+20AE": [
          {
            "substitute": "MNT"
          }
        ],
        "U+20AF": [
          {
            "substitute": "GRD"
          }
        ],
        "U+20B1": [
          {
            "substitute": "PHP"
          }
        ],
        "U+20B2": [
          {
            "substitute": "PYG"
          }
        ],
        "U+20B4": [
          {
            "substitute": "UAH"
          }
        ],
        "U+20B5": [
          {
            "substitute": "¢"
          },
          {
            "substitute": "Ȼ"
          },
          {
            "substitute": "GHS"
          }
        ],
        "U+20B8": [
          {
            "substitute": "KZT"
          }
        ],
        "U+20B9": [
          {
            "substitute": "INR"
          }
        ],
        "U+20BA": [
          {
            "substitute": "TL"
          }
        ],
        "U+20BC": [
          {
            "substitute": "AZN"
          }
        ],
        "U+20BD": [
          {
            "substitute": "RUB"
          }
        ],
        "U+20BE": [
          {
            "substitute": "GEL"
          }
        ],
        "U+215F": [
          {
            "substitute": " 1/"
          }
        ],
        "U+00BD": [
          {
            "substitute": " 1/2"
          }
        ],
        "U+2153": [
          {
            "substitute": " 1/3"
          }
        ],
        "U+00BC": [
          {
            "substitute": " 1/4"
          }
        ],
        "U+2155": [
          {
            "substitute": " 1/5"
          }
        ],
        "U+2159": [
          {
            "substitute": " 1/6"
          }
        ],
        "U+215B": [
          {
            "substitute": " 1/8"
          }
        ],
        "U+2154": [
          {
            "substitute": " 2/3"
          }
        ],
        "U+2156": [
          {
            "substitute": " 2/5"
          }
        ],
        "U+00BE": [
          {
            "substitute": " 3/4"
          }
        ],
        "U+2157": [
          {
            "substitute": " 3/5"
          }
        ],
        "U+215C": [
          {
            "substitute": " 3/8"
          }
        ],
        "U+2158": [
          {
            "substitute": " 4/5"
          }
        ],
        "U+215A": [
          {
            "substitute": " 5/6"
          }
        ],
        "U+215D": [
          {
            "substitute": " 5/8"
          }
        ],
        "U+215E": [
          {
            "substitute": " 7/8"
          }
        ],
        "U+33DF": [
          {
            "substitute": "A/m"
          }
        ],
        "U+00E6": [
          {
            "substitute": "ae"
          }
        ],
        "U+00C6": [
          {
            "substitute": "AE"
          }
        ],
        "U+33C6": [
          {
            "substitute": "C/kg"
          }
        ],
        "U+33C4": [
          {
            "substitute": "CC"
          }
        ],
        "U+33A0": [
          {
            "substitute": "cm²"
          }
        ],
        "U+33A4": [
          {
            "substitute": "cm³"
          }
        ],
        "U+3378": [
          {
            "substitute": "dm²"
          }
        ],
        "U+3379": [
          {
            "substitute": "dm³"
          }
        ],
        "U+33A2": [
          {
            "substitute": "km²"
          }
        ],
        "U+33A6": [
          {
            "substitute": "km³"
          }
        ],
        "U+33A7": [
          {
            "substitute": "m/s"
          }
        ],
        "U+33A8": [
          {
            "substitute": "m∕s²"
          },
          {
            "substitute": "m/s²"
          }
        ],
        "U+33A1": [
          {
            "substitute": "m²"
          }
        ],
        "U+33A5": [
          {
            "substitute": "m³"
          }
        ],
        "U+339F": [
          {
            "substitute": "mm²"
          }
        ],
        "U+33A3": [
          {
            "substitute": "mm³"
          }
        ],
        "U+0153": [
          {
            "substitute": "oe"
          }
        ],
        "U+0152": [
          {
            "substitute": "OE"
          }
        ],
        "U+33D7": [
          {
            "substitute": "pH"
          }
        ],
        "U+33AE": [
          {
            "substitute": "rad/s"
          }
        ],
        "U+33AF": [
          {
            "substitute": "rad∕s²"
          },
          {
            "substitute": "rad/s²"
          }
        ],
        "U+0219": [
          {
            "substitute": "ş"
          }
        ],
        "U+0218": [
          {
            "substitute": "Ş"
          }
        ],
        "U+00DF": [
          {
            "substitute": "ss"
          }
        ],
        "U+FB05": [
          {
            "substitute": "ſt"
          }
        ],
        "U+021B": [
          {
            "substitute": "ţ"
          }
        ],
        "U+021A": [
          {
            "substitute": "Ţ"
          }
        ],
        "U+33DE": [
          {
            "substitute": "V/m"
          }
        ],
        "U+0149": [
          {
            "substitute": "'n"
          }
        ],
        "U+FFA1": [
          {
            "substitute": "ㄱ"
          }
        ],
        "U+FFA2": [
          {
            "substitute": "ㄲ"
          }
        ],
        "U+FFA4": [
          {
            "substitute": "ㄴ"
          }
        ],
        "U+FFA7": [
          {
            "substitute": "ㄷ"
          }
        ],
        "U+FFA8": [
          {
            "substitute": "ㄸ"
          }
        ],
        "U+FFA9": [
          {
            "substitute": "ㄹ"
          }
        ],
        "U+FFB1": [
          {
            "substitute": "ㅁ"
          }
        ],
        "U+FFB2": [
          {
            "substitute": "ㅂ"
          }
        ],
        "U+FFB3": [
          {
            "substitute": "ㅃ"
          }
        ],
        "U+FFB5": [
          {
            "substitute": "ㅅ"
          }
        ],
        "U+FFB6": [
          {
            "substitute": "ㅆ"
          }
        ],
        "U+FFB7": [
          {
            "substitute": "ㅇ"
          }
        ],
        "U+FFB8": [
          {
            "substitute": "ㅈ"
          }
        ],
        "U+FFB9": [
          {
            "substitute": "ㅉ"
          }
        ],
        "U+FFBA": [
          {
            "substitute": "ㅊ"
          }
        ],
        "U+FFBB": [
          {
            "substitute": "ㅋ"
          }
        ],
        "U+FFBC": [
          {
            "substitute": "ㅌ"
          }
        ],
        "U+FFBD": [
          {
            "substitute": "ㅍ"
          }
        ],
        "U+FFBE": [
          {
            "substitute": "ㅎ"
          }
        ],
        "U+FFB0": [
          {
            "substitute": "ㅀ"
          }
        ],
        "U+FFB4": [
          {
            "substitute": "ㅄ"
          }
        ],
        "U+FFA0": [
          {
            "substitute": "ㅤ"
          }
        ],
        "U+FFC2": [
          {
            "substitute": "ㅏ"
          }
        ],
        "U+FFC3": [
          {
            "substitute": "ㅐ"
          }
        ],
        "U+FFC4": [
          {
            "substitute": "ㅑ"
          }
        ],
        "U+FFC5": [
          {
            "substitute": "ㅒ"
          }
        ],
        "U+FFC6": [
          {
            "substitute": "ㅓ"
          }
        ],
        "U+FFC7": [
          {
            "substitute": "ㅔ"
          }
        ],
        "U+FFCA": [
          {
            "substitute": "ㅕ"
          }
        ],
        "U+FFCB": [
          {
            "substitute": "ㅖ"
          }
        ],
        "U+FFCC": [
          {
            "substitute": "ㅗ"
          }
        ],
        "U+FFCD": [
          {
            "substitute": "ㅘ"
          }
        ],
        "U+FFCE": [
          {
            "substitute": "ㅙ"
          }
        ],
        "U+FFCF": [
          {
            "substitute": "ㅚ"
          }
        ],
        "U+FFD2": [
          {
            "substitute": "ㅛ"
          }
        ],
        "U+FFD3": [
          {
            "substitute": "ㅜ"
          }
        ],
        "U+FFD4": [
          {
            "substitute": "ㅝ"
          }
        ],
        "U+FFD5": [
          {
            "substitute": "ㅞ"
          }
        ],
        "U+FFD6": [
          {
            "substitute": "ㅟ"
          }
        ],
        "U+FFD7": [
          {
            "substitute": "ㅠ"
          }
        ],
        "U+FFDA": [
          {
            "substitute": "ㅡ"
          }
        ],
        "U+FFDB": [
          {
            "substitute": "ㅢ"
          }
        ],
        "U+FFDC": [
          {
            "substitute": "ㅣ"
          }
        ],
        "U+FFA3": [
          {
            "substitute": "ㄳ"
          }
        ],
        "U+FFA5": [
          {
            "substitute": "ㄵ"
          }
        ],
        "U+FFA6": [
          {
            "substitute": "ㄶ"
          }
        ],
        "U+FFAA": [
          {
            "substitute": "ㄺ"
          }
        ],
        "U+FFAB": [
          {
            "substitute": "ㄻ"
          }
        ],
        "U+FFAC": [
          {
            "substitute": "ㄼ"
          }
        ],
        "U+FFAD": [
          {
            "substitute": "ㄽ"
          }
        ],
        "U+FFAE": [
          {
            "substitute": "ㄾ"
          }
        ],
        "U+FFAF": [
          {
            "substitute": "ㄿ"
          }
        ]
      }
    }
  }
}
